,user_000001,user_000002,user_000003,user_000004,user_000005,user_000006,user_000007,user_000008,user_000009,user_000010,user_000011,user_000012,user_000013,user_000014,user_000015,user_000016,user_000017,user_000018,user_000019,user_000020,user_000021,user_000022,user_000023,user_000024,user_000025,user_000026,user_000027,user_000028,user_000029,user_000030,user_000031,user_000032,user_000033,user_000034,user_000035,user_000036,user_000037,user_000038,user_000039,user_000040,user_000041,user_000042,user_000043,user_000044,user_000045,user_000046,user_000047,user_000048,user_000049,user_000050,user_000051,user_000052,user_000053,user_000054,user_000055,user_000056,user_000057,user_000058,user_000059,user_000060,user_000061,user_000062,user_000063,user_000064,user_000065,user_000066,user_000067,user_000068,user_000069,user_000070,user_000071,user_000072,user_000073,user_000074,user_000075,user_000076,user_000077,user_000078,user_000079,user_000080,user_000081,user_000082,user_000083,user_000084,user_000085,user_000086,user_000087,user_000088,user_000089,user_000090,user_000091,user_000092,user_000093,user_000094,user_000095,user_000096,user_000097,user_000098,user_000099
user_000001,1,1,-0.0201988905,-0.0053714297,-0.0064169692,-0.0055589451,0,0,-0.0046277972,-0.0157969194,-0.0021017724,-0.0094605307,0.3019631096,0,0,-0.0092108447,0.0184681011,-0.0211511341,0,0,0,-0.0161583173,-0.0043733753,-0.0108886945,0.0620368482,-0.004884766,0,0,0.4859653101,0.0084519728,0.1498368576,-0.0030104099,0,-0.0081543666,-0.0066209922,-0.0055438187,0.1209739389,0.0415809465,-0.0114413181,0,-0.0124643526,-0.004341675,0,0,-0.0095197521,0,-0.0122815647,0,0,0,-0.0100266688,-0.0128966964,-0.0133337763,-0.0046622727,-0.0192827599,0.0492405909,-0.0071376697,0,0,0,0,0,0,-0.0111933855,-0.0135323594,-0.0174821027,0,0.019458074,-0.0164312709,0.0028177121,0.0260396359,0,-0.0037904866,-0.0104963966,0.4922722987,-0.014647563,0,0,0,-0.0124814916,0,0,0.0329327268,-0.0203865126,0.0062195725,-0.0107720612,-0.0257902342,-0.0115090494,0,0.0207675588,-0.0033902785,-0.0119792327,0.17641319,0.0694118795,-0.018487553,-0.017532341,-0.0085513478,-0.0226325452,-0.0039281821
user_000002,1,1,-0.0201988905,-0.0053714297,-0.0064169692,-0.0055589451,0,0,-0.0046277972,-0.0157969194,-0.0021017724,-0.0094605307,0.3019631096,0,0,-0.0092108447,0.0184681011,-0.0211511341,0,0,0,-0.0161583173,-0.0043733753,-0.0108886945,0.0620368482,-0.004884766,0,0,0.4859653101,0.0084519728,0.1498368576,-0.0030104099,0,-0.0081543666,-0.0066209922,-0.0055438187,0.1209739389,0.0415809465,-0.0114413181,0,-0.0124643526,-0.004341675,0,0,-0.0095197521,0,-0.0122815647,0,0,0,-0.0100266688,-0.0128966964,-0.0133337763,-0.0046622727,-0.0192827599,0.0492405909,-0.0071376697,0,0,0,0,0,0,-0.0111933855,-0.0135323594,-0.0174821027,0,0.019458074,-0.0164312709,0.0028177121,0.0260396359,0,-0.0037904866,-0.0104963966,0.4922722987,-0.014647563,0,0,0,-0.0124814916,0,0,0.0329327268,-0.0203865126,0.0062195725,-0.0107720612,-0.0257902342,-0.0115090494,0,0.0207675588,-0.0033902785,-0.0119792327,0.17641319,0.0694118795,-0.018487553,-0.017532341,-0.0085513478,-0.0226325452,-0.0039281821
user_000003,-0.0201988905,-0.0201988905,1,-0.0074267892,-0.0147873347,-0.0115290852,0,0,0.0026902473,-0.0104459622,-0.0051836909,-0.0168178768,-0.00470874,0,0,0.0382060301,0.0325789566,-0.0408205099,0,0,0,0.0024823603,0.0050390272,0.1223870714,-0.0061267885,0.0067539052,0,0,-0.0127984438,-0.0113319677,0.0260921192,0.0041623332,-0.0029291652,0.1465698972,0.0274634778,-0.0127752372,-0.0263704834,0.0087606485,-0.0284747399,0,0.0889486198,-0.0120060045,0,0,0.0065812266,0,-0.0248184783,0,0,0,0.0277266797,0.0515134354,0.0447070598,-0.0116032961,-0.0472157209,-0.01390646,-0.0148033124,0,0,0,0,0,0,-0.0036415286,0.0712114946,-0.01179101,0,0.0962074183,-0.0238108838,0.0262323947,0.028802892,0,0.0089403649,-0.0426313719,0.0039820062,0.0198552977,-0.0083246663,0.0173291748,0,-0.0439787707,0,0,-0.0206266595,-0.0240873658,-0.0080386359,-0.0234047851,0.0939304462,-0.017966232,0,0.0216764023,0.0093751144,-0.0349664299,-0.0192249934,0.0756309306,-0.0583579641,-0.0235064555,0,0.0026822411,-0.0085757175
user_000004,-0.0053714297,-0.0053714297,-0.0074267892,1,-0.0081268589,0.0211206077,0,0,-0.0073555073,0.0574091702,-0.0032373469,0.0359442577,0.0129392031,0,0,-0.0127256738,0.016936993,0.0016741966,0,0,0,-0.0013642616,-0.0083080821,-0.0113884839,0,0.0185591372,0,0,0.0175844987,-0.0087579141,-0.0172077235,-0.0114377253,0,-0.013769613,-0.0125778701,-0.0140420911,0.0144927536,-0.0240734912,-0.0086940088,0,-0.0137487927,0,0,0,-0.0126592421,0,-0.0179471038,0,0,0,-0.0095238095,-0.0136109988,-0.0088655409,-0.0106282789,-0.0049114693,-0.0061576624,0,0,0,0,0,0,0,-0.0125082503,0.0951556166,-0.0259205264,0,0.0183343515,-0.0150069297,-0.0049959424,0.0148402149,0,-0.0067771962,0.0249249487,-0.0234475773,0.0043648489,0,0,0,-0.0290651399,0,0,-0.0192498947,-0.0098580794,-0.0064213558,-0.0116935073,0.0143395889,-0.0112844857,0,-0.0263013607,0,-0.0252854402,-0.0099053606,-0.0060022279,-0.011927793,-0.0211947984,0.0541498603,0.0122842707,-0.0081169426
user_000005,-0.0064169692,-0.0064169692,-0.0147873347,-0.0081268589,1,0,0,0,-0.0040726773,0.0031174439,-0.0018048291,-0.0061343921,-0.0064407485,0,0,-0.007601352,-0.0115621424,-0.018000684,0,0,0,-0.0114086889,0,0.0388720929,0,0,0,0,0,-0.0058125705,0.1430436893,0,0,-0.0041124611,0,0,-0.0074201755,0,0.0311588476,0,0.0036499936,0,0,0,-0.0064814321,0,0,0,0,0,0,-0.0097562136,-0.007565145,0.0042323516,-0.0166245216,-0.0049762804,0,0,0,0,0,0,0,-0.0089657757,-0.0119178016,-0.0019353695,0.024633232,0.0183703429,-0.014342402,0.0434840131,-0.0118192246,0,-0.0080963656,-0.017865928,0.0457522921,-0.0130361478,0,0,0,0.0292401001,0,0,0.2682966206,-0.0168241963,-0.0042959065,-0.0069848141,-0.01142051,-0.0101107434,0,0.1478629402,0,0.0362486486,-0.003944474,-0.0188226968,-0.0158327968,-0.0096458397,0.0129380073,0.0176104592,-0.0040664383
user_000006,-0.0055589451,-0.0055589451,-0.0115290852,0.0211206077,0,1,0,0,-0.0029049406,-0.0040509076,-0.0010051086,0,-0.0066954539,0,0,-0.0049387216,-0.0075121113,0,0,0,0,-0.0084713258,-0.0042990577,-0.0068551535,0,0,0,0,0,-0.0045318255,-0.0089042206,0,0,-0.0053438652,0,0,-0.0064280111,-0.0023356773,0,0,-0.00711438,0,0,0,-0.0056147886,0,-0.00557209,0,0,0,0,-0.0042258467,0.0255590259,0.0109993098,-0.0108012211,0.0022491618,0,0,0,0,0,0,0,0.0155338927,-0.0083388187,-0.0125744092,0,0.008263045,0.0158414347,-0.0044317283,-0.0076791418,0,-0.0078905099,0.0812544804,-0.0084931445,-0.0084697965,0,0,0,-0.0118736043,0,0,-0.0083007934,0.0262342872,-0.0011961943,0,-0.0037100452,-0.0021897046,0,-0.0132094804,0,-0.0078504448,-0.0051255773,0.1368529344,0.0452620286,-0.0101839698,0.033624132,-0.0152557343,-0.002845264
user_000007,0,0,0,0,0,0,0,0,0,0,0,0,0,0,0,0,0,0,0,0,0,0,0,0,0,0,0,0,0,0,0,0,0,0,0,0,0,0,0,0,0,0,0,0,0,0,0,0,0,0,0,0,0,0,0,0,0,0,0,0,0,0,0,0,0,0,0,0,0,0,0,0,0,0,0,0,0,0,0,0,0,0,0,0,0,0,0,0,0,0,0,0,0,0,0,0,0,0,0
user_000008,0,0,0,0,0,0,0,0,0,0,0,0,0,0,0,0,0,0,0,0,0,0,0,0,0,0,0,0,0,0,0,0,0,0,0,0,0,0,0,0,0,0,0,0,0,0,0,0,0,0,0,0,0,0,0,0,0,0,0,0,0,0,0,0,0,0,0,0,0,0,0,0,0,0,0,0,0,0,0,0,0,0,0,0,0,0,0,0,0,0,0,0,0,0,0,0,0,0,0
user_000009,-0.0046277972,-0.0046277972,0.0026902473,-0.0073555073,-0.0040726773,-0.0029049406,0,0,1,0.007661553,-0.0010898009,-0.0050626687,-0.0073800318,0,0,-0.0048898548,-0.0040857277,-0.0107748102,0,-0.0014601388,0.0067391023,-0.0083788352,-0.0038844203,0.0100857187,-0.003805864,-0.0032350218,0,0,-0.0029693483,-0.0038694611,-0.007568946,-0.0052023024,-0.0009865036,0.0145416271,-0.0043848681,0.0041686722,-0.0065974817,-0.0088841899,-0.0059670555,-0.0006739102,-0.0073934807,-0.0029202777,0,0,-0.0028518566,0,-0.0063055583,0,0,0,-0.0057843561,-0.0055457597,-0.006222762,-0.004506071,-0.0098999161,-0.0029477253,-0.004210026,0,0,0,-0.0006739102,0,0,-0.00589362,-0.0017096433,-0.0104571091,-0.0023025266,-0.0018427624,-0.0083396269,-0.0040762168,-0.0076929782,0,-0.0034839866,-0.0105493268,0.098024895,-0.0066780821,-0.0023675149,-0.0012969408,0,-0.0113617026,0,0,-0.0070865919,-0.0100070902,0.0948347184,-0.0056052749,-0.0132591579,-0.0060392608,0,-0.0108461923,-0.0032977423,-0.0092556995,-0.0060340794,-0.0103244822,-0.013618957,-0.0090931626,-0.0040704824,-0.0120178054,-0.0026250408
user_000010,-0.0157969194,-0.0157969194,-0.0104459622,0.0574091702,0.0031174439,-0.0040509076,0,0,0.007661553,1,-0.0037255159,-0.0157578655,-0.0086860335,0,0,0.1472597416,-0.003712566,-0.0141287926,0,0,0,-0.0230264104,-0.0127478426,0.0115901514,-0.0064582022,-0.0106788618,0,0,0.0337268608,0.0164242963,-0.0231029472,-0.0175499375,-0.0030876112,-0.0155158486,-0.0144745237,-0.0107730259,0.0325621183,-0.0236634942,-0.0100050038,0,0.0099620083,0,0,0,0.0221991102,0,0.0096382533,0,0,0,0.0401864191,0.0396807171,0.0884208138,0.0027179885,-0.0301444481,0.0227869775,0.093624368,0,0,0,0,0,0,0.0182329141,-0.0182507348,-0.0223718685,-0.00790965,0.0034030713,-0.0131250999,0.0643373505,-0.0170780141,0,0.02924681,0.0019122303,-0.0218864591,-0.0129761793,0,0.0730662166,0,-0.0170173816,0,0,-0.0155888965,-0.0172870216,0.0300512464,-0.0112140044,-0.0165018973,-0.0189380714,0,-0.0228489343,-0.0098822383,-0.0077595481,-0.0189983647,-0.0135268377,-0.0193186647,-0.0083238526,0.0083087034,-0.0329855206,-0.00893916
user_000011,-0.0021017724,-0.0021017724,-0.0051836909,-0.0032373469,-0.0018048291,-0.0010051086,0,0,-0.0010898009,-0.0037255159,1,-0.002280735,-0.0033524915,0,0,-0.0021532519,-0.0038381646,-0.0050990938,0,0,0,-0.0038088655,-0.0017572147,-0.0025660458,-0.001602405,-0.001472018,0,0,-0.0011157716,0.0261491094,-0.0034575708,-0.0021772396,-0.0002553654,-0.0021842737,-0.0019952275,0.109592848,-0.0012480207,-0.0046780029,-0.0027582613,0,-0.0033441555,-0.0010466866,0,0,-0.0022376368,0,-0.0028469491,0,0,0,-0.0024172191,-0.0030227578,-0.0036163048,0.0021355543,0.2953851959,-0.001367506,-0.0012905566,0,0,0,0,0,0,-0.0027778573,-0.0034084435,-0.0049855249,-0.0006541791,-0.002645686,-0.0037136569,-0.0018793722,-0.0034526848,0,-0.0035745966,-0.0048236904,-0.0045377768,-0.0034965997,-0.0007257465,0,0,-0.0051929951,0,0,-0.0032571849,-0.003529691,-0.0012060457,0.090706618,-0.0065207751,-0.002595584,0,-0.0049820796,-0.0012259873,-0.0041714706,-0.0028283173,-0.0061531622,0.2608162739,-0.0041626382,-0.0020615502,-0.0060018539,-0.0011962132
user_000012,-0.0094605307,-0.0094605307,-0.0168178768,0.0359442577,-0.0061343921,0,0,0,-0.0050626687,-0.0157578655,-0.002280735,1,-0.0154642442,0,0,-0.0048028564,-0.0091318146,0.0682415714,0,0,0,0.016476556,-0.0062711847,-0.0101752864,0,0,0,0,0,-0.0080797825,-0.0129888958,0.0086335314,0,-0.0097441021,0,-0.0105993833,-0.0125023505,-0.017035668,-0.0065624936,0,-0.0138373241,0,0,0,-0.0013650812,0,-0.0135470018,0,0,0,-0.0071888515,-0.0123287787,-0.0162519296,-0.0080225375,-0.0173008335,-0.0062884499,0,0,0,0,0,0,0,0.0037766381,-0.0017377321,-0.0171198787,0,-0.0098214442,0.0077028169,-0.0075421686,-0.0149357742,0,-0.0063945338,0.0225769013,0.0053096763,-0.0148262234,0,0,0,-0.0115469592,0,0,-0.0129158993,-0.0085041923,-0.0056225528,-0.0088266032,-0.0270598588,-0.0127767925,0,-0.0216047795,0,-0.0114517164,-0.0124614293,-0.0212374603,-0.0260099637,0.0079992286,-0.0081747814,0.0519261616,-0.0055339805
user_000013,0.3019631096,0.3019631096,-0.00470874,0.0129392031,-0.0064407485,-0.0066954539,0,0,-0.0073800318,-0.0086860335,-0.0033524915,-0.0154642442,1,0,0,-0.0048746244,0.0433371483,-0.0289252127,0,0,0,0.0097309171,-0.0008779163,-0.0166514434,-0.0080057235,0,0,0,0.1142766412,-0.0021593837,0.2242244048,-0.0145035149,-0.0025516453,-0.0145958418,-0.0119619497,-0.0111287249,0.0360985014,0.0157400696,-0.0165365513,0,0.0016949766,-0.007843975,0,0,-0.0134725915,0,-0.0193440278,0,0,0,0.0150957369,-0.0120815218,-0.0244912327,0.0117924652,-0.0303612506,0.0125160435,0.0365370105,0,0,0,0,0,0,-0.0186366581,-0.0164206419,0.0151502383,0,-0.0106869144,-0.0044719127,-0.0114257411,-0.0133294268,0,-0.0209473113,0.0252847035,0.2807244537,-0.0179881367,0.0036258787,0,0,0.0019397798,0,0,-0.0201718826,-0.0212061337,0.0206413598,-0.0139011161,0.0299265161,-0.0169921758,0,0.0766342543,-0.0061251154,-0.0064125995,0.1250807732,-0.0017838461,0.0012604118,-0.0263959659,0.0120162511,-0.0276491218,-0.0073044423
user_000014,0,0,0,0,0,0,0,0,0,0,0,0,0,0,0,0,0,0,0,0,0,0,0,0,0,0,0,0,0,0,0,0,0,0,0,0,0,0,0,0,0,0,0,0,0,0,0,0,0,0,0,0,0,0,0,0,0,0,0,0,0,0,0,0,0,0,0,0,0,0,0,0,0,0,0,0,0,0,0,0,0,0,0,0,0,0,0,0,0,0,0,0,0,0,0,0,0,0,0
user_000015,0,0,0,0,0,0,0,0,0,0,0,0,0,0,0,0,0,0,0,0,0,0,0,0,0,0,0,0,0,0,0,0,0,0,0,0,0,0,0,0,0,0,0,0,0,0,0,0,0,0,0,0,0,0,0,0,0,0,0,0,0,0,0,0,0,0,0,0,0,0,0,0,0,0,0,0,0,0,0,0,0,0,0,0,0,0,0,0,0,0,0,0,0,0,0,0,0,0,0
user_000016,-0.0092108447,-0.0092108447,0.0382060301,-0.0127256738,-0.007601352,-0.0049387216,0,0,-0.0048898548,0.1472597416,-0.0021532519,-0.0048028564,-0.0048746244,0,0,1,0.0033946707,-0.0146154216,0,0,0,-0.0172265987,-0.0077708567,-0.0067390651,-0.007873609,-0.0057863494,0,0,-0.0054824776,-0.0078882086,-0.0156479369,-0.0035660426,-0.0012547684,-0.0092569457,-0.0078430317,-0.0065670438,-0.0116190935,-0.0100856624,0.044725056,0,0.0852554115,0.0128575496,0,0,0.0236813156,0,-0.0111910605,0,0,0,0.0757177591,0.1769591087,0.0110563582,-0.0066273485,0.0024245473,-0.0034444006,0.1247123197,0,0,0,0,0,0,0.0300285361,0.0005981356,-0.0095967527,-0.0032143874,-0.0106949492,-0.004304538,0.0025589635,-0.0154228916,0,0.0227146157,0.0303071955,-0.0087725549,-0.0129282484,-0.0035660426,0.1113496457,0,-0.0231316933,0,0,-0.0146708542,0.0041712359,0.0540151457,-0.0109373703,0.0450803934,-0.0120940385,0,-0.0006029568,-0.0060240357,-0.0189203267,-0.0051471392,-0.0187136867,0.0485514631,-0.017621582,0,0.0011489933,-0.0044083027
user_000017,0.0184681011,0.0184681011,0.0325789566,0.016936993,-0.0115621424,-0.0075121113,0,0,-0.0040857277,-0.003712566,-0.0038381646,-0.0091318146,0.0433371483,0,0,0.0033946707,1,-0.0267962834,0,0.0146678662,0,-0.0097047252,-0.009849975,0.0798550826,0.0359287879,0.0099015833,0,0,-0.0062543992,0.1405205392,-0.0163210372,-0.0162725365,-0.0028628743,0.0829519589,-0.0089473145,-0.0124861169,-0.01472782,-0.0144490223,-0.0185535463,0,0.0048901273,-0.0058671465,0,0,0.0032161424,0,-0.0076600433,0,0,0,0.0270991888,0.0135551283,-0.0036037345,0.0012600776,0.0740975026,-0.0047023551,-0.0096455294,0,0,0,0,0,0,-0.0142364644,0.0728751744,-0.0276579938,-0.0073339331,0.030291582,0.0172938808,0.0015230924,0.1671468296,0,-0.0036157377,-0.0203900228,-0.0130656248,-0.0065980218,-0.0081362683,0,0,-0.0331897709,0,0,-0.0098897384,-0.0050089867,0.0030147845,-0.0083182197,-0.0034001733,-0.0165562252,0,0.0663089187,-0.0091629434,-0.0287790266,0.0152667992,0.1070095341,-0.0193266706,0.0104103084,0.0231118223,0.0725292306,-0.0081022499
user_000018,-0.0211511341,-0.0211511341,-0.0408205099,0.0016741966,-0.018000684,0,0,0,-0.0107748102,-0.0141287926,-0.0050990938,0.0682415714,-0.0289252127,0,0,-0.0146154216,-0.0267962834,1,0,0,0,-0.03458268,-0.0156758514,-0.0248818616,-0.0082868502,-0.011418829,0,0,-0.0129829991,-0.0182010123,-0.0317620453,-0.0225192243,-0.0039618722,-0.018426582,-0.0185730032,-0.0224630602,-0.0295532088,-0.0299935515,-0.0278155217,0,-0.0345886538,0.0121791327,0,0,-0.0013352257,0,-0.0273848171,0,0,0,-0.025782627,-0.0247882288,-0.0336631484,-0.018309849,0.081691114,-0.0131041262,-0.016685309,0,0,0,0,0,0,0.0726494527,-0.0237961702,-0.0498376581,0.0253731931,-0.0193588377,0.0422514533,-0.0170378543,-0.0353053655,0,-0.0093820202,-0.0386454707,-0.0400095656,0.0324951368,0.213932631,0.0117193759,0,-0.0425423072,0,0,-0.0289515831,0.064812632,-0.0099245348,-0.0259006748,-0.0558769685,-0.0263833023,0,-0.049689381,-0.0126804065,-0.0236471004,-0.0195022203,-0.0428385006,-0.0518607135,0.1251884643,-0.0106613231,0.0852554727,-0.0095370986
user_000019,0,0,0,0,0,0,0,0,0,0,0,0,0,0,0,0,0,0,0,0,0,0,0,0,0,0,0,0,0,0,0,0,0,0,0,0,0,0,0,0,0,0,0,0,0,0,0,0,0,0,0,0,0,0,0,0,0,0,0,0,0,0,0,0,0,0,0,0,0,0,0,0,0,0,0,0,0,0,0,0,0,0,0,0,0,0,0,0,0,0,0,0,0,0,0,0,0,0,0
user_000020,0,0,0,0,0,0,0,0,-0.0014601388,0,0,0,0,0,0,0,0.0146678662,0,0,1,0,0,0,0.1127167589,0,0,0,0,0,0,0.013039535,0,0,0.031302691,0,0,0,0.0364844461,0,0,0.0185216947,0,0,0,0,0,0,0,0,0,0,0,0,0,-0.0049623667,-0.0010979072,0,0,0,0,0,0,0,0,-0.0046520183,0,0,-0.003585358,0,0,0,0,-0.0051355711,0.0151099471,0.0236905639,0,0,0,0,0.0092735814,0,0,0.0129662539,0.0170746944,-0.001557096,0,0,0,0,-0.0046895155,0,0,0,-0.0045483216,0.0241028007,-0.0030592056,0,0,-0.0015873016
user_000021,0,0,0,0,0,0,0,0,0.0067391023,0,0,0,0,0,0,0,0,0,0,0,1,0,0,0.0169075138,0,0,0,0,0,0,0,0,0,0,0,0,0,0,0,0,0,0,0,0,0,0,0,0,0,0,0,0,0,0,0,0,0,0,0,0,0,0,0,0,0.0093040366,0,0,0,0,0,0,0,0,0,0,0,0,0,0,0,0,0,0,0,0,0,0,0,0,0,0,0,0,0.0818697896,0,0,0,0,0
user_000022,-0.0161583173,-0.0161583173,0.0024823603,-0.0013642616,-0.0114086889,-0.0084713258,0,0,-0.0083788352,-0.0230264104,-0.0038088655,0.016476556,0.0097309171,0,0,-0.0172265987,-0.0097047252,-0.03458268,0,0,0,1,-0.0066646254,-0.0166399887,-0.0067527502,0.0372196907,0,0,-0.0105795263,-0.0134654924,0.0391107422,0.0022937952,-0.0032284321,-0.0163960915,0.0126122359,-0.0126724118,-0.0186844518,-0.0304758232,-0.0209226312,0.0165407923,-0.0205263548,-0.0099244754,0,0,-0.0174086815,0,-0.015836603,0,0,0,-0.0057298985,-0.0234748823,-0.0261613046,-0.0127887816,-0.0239677912,-0.0105692683,-0.0135964475,0,0,0,0,0,0,-0.0215729727,0.0007694807,-0.0162445923,-0.0082703962,0.0107934486,-0.0138440977,-0.0097329227,-0.009920508,0,-0.0214064964,-0.0274923548,-0.0321325772,-0.0196954862,-0.0045875904,0,0,0.2294750068,0,0,-0.0212327391,-0.0172281675,-0.009323528,-0.0046901827,-0.0143787682,-0.0212162206,0,0.2963109113,0.0284156154,-0.0182552589,-0.021851334,-0.019259608,-0.0332232852,-0.0263128764,-0.0043438249,-0.0128105477,-0.0008926777
user_000023,-0.0043733753,-0.0043733753,0.0050390272,-0.0083080821,0,-0.0042990577,0,0,-0.0038844203,-0.0127478426,-0.0017572147,-0.0062711847,-0.0008779163,0,0,-0.0077708567,-0.009849975,-0.0156758514,0,0,0,-0.0066646254,1,-0.0090831801,0.0479767262,0,0,0,0,0.0083190613,0.0078808452,0.0931250489,0,-0.0077076377,-0.0051204009,0,-0.0075856401,-0.0098002225,-0.0070785928,0,-0.0118160552,0,0,0,-0.0080983997,0,-0.0102286724,0,0,0,0.0271397347,-0.0088655735,-0.0128897372,-0.0043267301,-0.0161621367,-0.0048660632,-0.0055199778,0,0,0,0,0,0,-0.0091657061,-0.0109339641,-0.0052760716,0,-0.0072230725,-0.0129516341,-0.0066825787,0.0060413924,0,-0.0127602344,-0.0152202712,-0.0092272349,-0.0106614757,0,0,0,-0.0161915723,0,0,-0.0091426481,-0.0097463062,-0.0042871378,-0.0071405704,-0.0165398372,-0.0086135048,0,0.0229889438,-0.0052438017,-0.0144110429,-0.0094090101,-0.0045815308,-0.017264914,-0.0137642217,0.0044088385,-0.0170029843,0.0153493549
user_000024,-0.0108886945,-0.0108886945,0.1223870714,-0.0113884839,0.0388720929,-0.0068551535,0,0,0.0100857187,0.0115901514,-0.0025660458,-0.0101752864,-0.0166514434,0,0,-0.0067390651,0.0798550826,-0.0248818616,0,0.1127167589,0.0169075138,-0.0166399887,-0.0090831801,1,-0.0086280795,-0.0076089757,0,0,-0.0066086058,-0.0091095286,0.0023271424,-0.0027354254,-0.0022000059,0.1091432516,-0.0103134867,-0.0115141053,-0.0137935054,0.0235949439,0.0701001987,0,-0.0043841813,-0.0067630055,0,0,0.0229229625,0,0.0143481993,0,0,0,-0.0120392545,0.0089284977,0.1187781929,0.0042363994,-0.0142352511,-0.0070786453,-0.0097285235,0,0,0,0,0,0,0.138119528,0.0650206927,-0.0092986582,-0.0049313582,0.0626199338,-0.0137818742,-0.0092415702,-0.0180838077,0,0.0107090011,-0.009196979,0.0324711347,-0.0124521073,-0.0031262004,-0.0016269263,0,-0.0251914417,0,0,0.0045672316,0.0171289775,-0.0001404087,-0.0129842037,-0.0038376952,-0.014216771,0,-0.0187912673,-0.0074814451,0.001727777,-0.0065428084,0.0359126788,0.0215984772,-0.018137729,-0.0118403484,-0.0254336782,-0.006190476
user_000025,0.0620368482,0.0620368482,-0.0061267885,0,0,0,0,0,-0.003805864,-0.0064582022,-0.001602405,0,-0.0080057235,0,0,-0.007873609,0.0359287879,-0.0082868502,0,0,0,-0.0067527502,0.0479767262,-0.0086280795,1,0,0,0,0,0.0626158911,-0.001774456,0,0,-0.006389635,0,0,-0.0102479244,-0.0074473564,0,0,-0.0037807251,0,0,0,-0.004475718,0,-0.0088833632,0,0,0,0,0.0067371007,-0.0125377681,0,0.1215526629,-0.0044821873,0,0,0,0,0,0,0,-0.006191268,0,0.0681594068,0,0.0190283118,-0.0133704922,0.0070653296,0.0979404214,0,0.0167727048,-0.0123372202,-0.0154746115,-0.0027006125,0,0,0,-0.015143695,0,0,0.0105869019,-0.0139414296,-0.0038140908,0,-0.017744336,-0.0069819193,0,0.0823229268,0,-0.0125156544,0.0081715056,0.0631327142,-0.0065599515,-0.0087424083,0,-0.0060804038,-0.0025920526
user_000026,-0.004884766,-0.004884766,0.0067539052,0.0185591372,0,0,0,0,-0.0032350218,-0.0106788618,-0.001472018,0,0,0,0,-0.0057863494,0.0099015833,-0.011418829,0,0,0,0.0372196907,0,-0.0076089757,0,1,0,0,0,-0.0039822136,0.0029341246,0,0,-0.0011739426,0,0,-0.0056484331,-0.0041048209,0,0,0.0145869742,0,0,0,-0.0049338368,0,-0.0048963166,0,0,0,0.012991396,-0.0074266868,-0.0103658177,0.0048326663,-0.0117245073,-0.0039527747,0,0,0,0,0,0,0,-0.0068249846,0.0010467859,0.1701608636,0,-0.0072609173,-0.0081883606,0.001947128,0.0067478288,0,-0.0092447502,-0.0102000112,-0.0117277454,-0.0089311132,0,0,0,-0.0104335942,0,0,-0.0087529052,-0.0096052661,-0.0035037398,0.0159510733,-0.0032600974,-0.0076965642,0,-0.0126626811,0,-0.0068983565,-0.0045039562,0.0706182108,-0.018078513,-0.0068837505,0.0147731279,0.0067027727,-0.0035717076
user_000027,0,0,0,0,0,0,0,0,0,0,0,0,0,0,0,0,0,0,0,0,0,0,0,0,0,0,0,0,0,0,0,0,0,0,0,0,0,0,0,0,0,0,0,0,0,0,0,0,0,0,0,0,0,0,0,0,0,0,0,0,0,0,0,0,0,0,0,0,0,0,0,0,0,0,0,0,0,0,0,0,0,0,0,0,0,0,0,0,0,0,0,0,0,0,0,0,0,0,0
user_000028,0,0,0,0,0,0,0,0,0,0,0,0,0,0,0,0,0,0,0,0,0,0,0,0,0,0,0,0,0,0,0,0,0,0,0,0,0,0,0,0,0,0,0,0,0,0,0,0,0,0,0,0,0,0,0,0,0,0,0,0,0,0,0,0,0,0,0,0,0,0,0,0,0,0,0,0,0,0,0,0,0,0,0,0,0,0,0,0,0,0,0,0,0,0,0,0,0,0,0
user_000029,0.4859653101,0.4859653101,-0.0127984438,0.0175844987,0,0,0,0,-0.0029693483,0.0337268608,-0.0011157716,0,0.1142766412,0,0,-0.0054824776,-0.0062543992,-0.0129829991,0,0,0,-0.0105795263,0,-0.0066086058,0,0,0,0,1,-0.002515391,0.163095574,0,0,-0.0044491708,0,0,0.1070360791,0.0350032952,0,0,-0.0078976771,0,0,0,-0.004674735,0,0,0,0,0,0,-0.0070366722,-0.0098214538,0,-0.0116377815,0.0552416053,0,0,0,0,0,0,0,-0.0064665686,-0.0079345091,-0.0041876576,0,-0.0061152072,-0.0093100158,0.001844874,0,0,-0.0087592594,-0.0128858062,0.3333557823,-0.0084620932,0,0,0,0.019771342,0,0,-0.0082932438,-0.0109210112,-0.0026557919,0,-0.0061777848,-0.0072923769,0,-0.0119976967,0,0,0.1365577484,-0.0009697054,-0.0171291146,-0.0104355974,0,-0.0127015493,-0.0027073107
user_000030,0.0084519728,0.0084519728,-0.0113319677,-0.0087579141,-0.0058125705,-0.0045318255,0,0,-0.0038694611,0.0164242963,0.0261491094,-0.0080797825,-0.0021593837,0,0,-0.0078882086,0.1405205392,-0.0182010123,0,0,0,-0.0134654924,0.0083190613,-0.0091095286,0.0626158911,-0.0039822136,0,0,-0.002515391,1,-0.0064614239,-0.0081806002,-0.0011513893,-0.007755643,0.0107952787,0.0060259919,-0.0071078723,-0.0146353635,-0.0087054981,0,0.026878354,-0.0047192918,0,0,-0.0080194921,0,-0.0102690406,0,0,0,0.0299715282,0.0109031887,-0.0126817954,-0.0020271094,5.85471407793546E-05,-0.0030051797,0.0096980849,0,0,0,0,0,0,-0.0100198241,-0.0120748274,0.0006952173,-0.0029495574,-0.0093907947,-0.0042933604,-0.0063297504,0.0629773594,0,-0.012481673,-0.0171139798,-0.0160995864,-0.0120191969,-0.0032722401,0,0,-0.0183811893,0,0,-0.0114734129,-0.0165189953,-0.0042988085,-0.0033454172,-0.0064955295,-0.006456799,0,0.0781231069,-0.0036851478,-0.0144679172,0.0051953789,0.0231820455,-0.0041707655,-0.0143650976,-0.0077459171,0.1367113215,-0.0034832868
user_000031,0.1498368576,0.1498368576,0.0260921192,-0.0172077235,0.1430436893,-0.0089042206,0,0,-0.007568946,-0.0231029472,-0.0034575708,-0.0129888958,0.2242244048,0,0,-0.0156479369,-0.0163210372,-0.0317620453,0,0.013039535,0,0.0391107422,0.0078808452,0.0023271424,-0.001774456,0.0029341246,0,0,0.163095574,-0.0064614239,1,-0.0120550543,-0.0025450566,-0.0140592762,0.0344675143,-0.0162799843,0.0303317299,-0.0031716014,-0.0073306009,0,0.055065257,-0.0086930233,0,0,-0.0156297859,0,-0.0174025029,0,0,0,-0.0140529742,-0.0177885764,-0.0248284525,-0.012695509,-0.0312318897,0.0062800394,-0.012862118,0,0,0,0,0,0,-0.0171383666,-0.0203009319,0.0532730963,-0.0043465117,-0.0181395438,-0.0193598852,-0.0130887492,-0.0177266783,0,-0.0233039795,-0.0333631851,0.2179696729,-0.0210469816,-0.0072330326,0,0,0.0133821662,0,0,0.0733780814,-0.0305767276,-0.0020033091,-0.0172544983,0,-0.0154616071,0,0.1077039494,-0.0054304886,-0.0069290449,0.0588119059,0.0120988318,-0.0298924058,-0.0265405585,-0.0159802983,-0.0372881964,-0.006043721
user_000032,-0.0030104099,-0.0030104099,0.0041623332,-0.0114377253,0,0,0,0,-0.0052023024,-0.0175499375,-0.0021772396,0.0086335314,-0.0145035149,0,0,-0.0035660426,-0.0162725365,-0.0225192243,0,0,0,0.0022937952,0.0931250489,-0.0027354254,0,0,0,0,0,-0.0081806002,-0.0120550543,1,0,-0.0101287718,0.0211477467,0.0118048041,0.0104431405,0.0126487059,0,0,-0.0077054907,0,0,0,-0.0091219548,0,-0.0120701137,0,0,0,0.0160128154,-0.0091539173,-0.0170354723,0,-0.0178920675,-0.006394598,0,0,0,0,0,0,0,-0.0126184151,0.0090316641,0.0054476704,0,0.0169047899,0.0070649139,-0.0083999059,-0.0166343535,0,-0.0156678625,0,-0.0065705802,-0.014677639,0,0,0,0.0025720287,0,0,0.0017980959,-0.0023678341,-0.0056141896,-0.0098304136,0.0160732033,-0.0118582003,0,-0.0169082884,0.0433148082,-0.0085027128,-0.0111028898,0.0031536936,-0.0222830472,-0.0195148327,0.018208926,0,-0.005282859
user_000033,0,0,-0.0029291652,0,0,0,0,0,-0.0009865036,-0.0030876112,-0.0002553654,0,-0.0025516453,0,0,-0.0012547684,-0.0028628743,-0.0039618722,0,0,0,-0.0032284321,0,-0.0022000059,0,0,0,0,0,-0.0011513893,-0.0025450566,0,1,-0.0010182766,0,0,-0.0024497225,-0.0035605174,0,0,-0.0018075323,0,0,0,0.1241085428,0,0,0,0,0,0,0,-0.0029970998,0,-0.0038742192,-0.0010714477,0,0,0,0,0,0,0,0,-0.002723943,-0.0038336976,0,-0.0020993707,-0.0028410302,-0.0016889368,0,0,-0.0030070825,-0.0029491597,-0.0036991397,-0.0025822794,0,0,0,-0.0036200355,0,0,-0.0025307536,-0.0033326391,-0.0009117421,0,-0.0056556102,-0.0016689979,0,-0.0036611988,0,0,0,-0.0053264489,0.00940877,-0.0035825748,0,-0.002906989,-0.0009294286
user_000034,-0.0081543666,-0.0081543666,0.1465698972,-0.013769613,-0.0041124611,-0.0053438652,0,0,0.0145416271,-0.0155158486,-0.0021842737,-0.0097441021,-0.0145958418,0,0,-0.0092569457,0.0829519589,-0.018426582,0,0.031302691,0,-0.0163960915,-0.0077076377,0.1091432516,-0.006389635,-0.0011739426,0,0,-0.0044491708,-0.007755643,-0.0140592762,-0.0101287718,-0.0010182766,1,-0.007956026,-0.0097704274,0.0130960993,0.0064716809,-0.012098509,0,-0.0100495007,-0.0041736921,0,0,-0.0098377823,0,-0.0127145645,0,0,0,-0.0108435703,0.0392594246,-0.0107349762,-0.0089637714,-0.0194687074,-0.0060257595,-0.0068615076,0,0,0,0,0,0,0.0161404569,0.0743636331,-0.0127067537,-0.0026085576,0.0335945856,-0.014276731,-0.0078552087,0.01939991,0,0.0571223896,0.0116668895,0.0053393645,0.0477644088,0.0028939348,0,0,-0.0158690802,0,0,-0.0086587443,-0.0130057745,0.000162471,-0.0110949447,0.0498871258,-0.0044611916,0,-0.0142879935,-0.006518212,-0.0159940927,-0.0121134018,0.049736231,-0.0087184647,-0.0166624782,-0.009590571,-0.0136757495,-0.0052005529
user_000035,-0.0066209922,-0.0066209922,0.0274634778,-0.0125778701,0,0,0,0,-0.0043848681,-0.0144745237,-0.0019952275,0,-0.0119619497,0,0,-0.0078430317,-0.0089473145,-0.0185730032,0,0,0,0.0126122359,-0.0051204009,-0.0103134867,0,0,0,0,0,0.0107952787,0.0344675143,0.0211477467,0,-0.007956026,1,0,0.0765609484,-0.0166914776,0,0,0.2005417689,0,0,0,-0.0066875047,0,0.0066366484,0,0,0,0,-0.0050332028,-0.0140502123,-0.0065503745,-0.0181620918,-0.0053577368,0,0,0,0,0,0,0,-0.0092508363,-0.0127696705,-0.0179721289,0,-0.0098417156,-0.0155383291,-0.0065980231,-0.0091462564,0,-0.0140970104,-0.0184339627,-0.0173413302,0.022193528,0,0,0,-0.0197989107,0,0,-0.0098866759,-0.0182270654,-0.0047490984,0,-0.0176754257,-0.0104322074,0,0.1258654149,0,-0.0093502873,-0.0061048286,0.1123652328,-0.0245042844,-0.0167948816,0,-0.0227129643,-0.0009682449
user_000036,-0.0055438187,-0.0055438187,-0.0127752372,-0.0140420911,0,0,0,0,0.0041686722,-0.0107730259,0.109592848,-0.0105993833,-0.0111287249,0,0,-0.0065670438,-0.0124861169,-0.0224630602,0,0,0,-0.0126724118,0,-0.0115141053,0,0,0,0,0,0.0060259919,-0.0162799843,0.0118048041,0,-0.0097704274,0,1,-0.0064105198,-0.0031057623,-0.0089730317,0,0.075680225,0,0,0,-0.0093325171,0,-0.0111138556,0,0,0,0.0098294637,-0.014047826,-0.016992985,0.0109693797,0.0713897751,0.0345802246,0.0139945712,0,0,0,0,0,0,-0.010327749,-0.0158402438,-0.0100321544,0,-0.0091561783,0.0012390846,-0.0081027268,-0.0153164922,0,-0.0166124159,-0.0077174647,-0.0064533591,-0.0157672655,0,0,0,-0.0157883935,0,0,0.1114798436,-0.0203489232,-0.002916074,0.0181031927,-0.0271329654,-0.0072791541,0,-0.0047903768,0,0.0417551094,-0.0034077534,-0.0205204791,0.0424031775,-0.0182291815,0.0223550917,-0.0202856293,-0.0054048034
user_000037,0.1209739389,0.1209739389,-0.0263704834,0.0144927536,-0.0074201755,-0.0064280111,0,0,-0.0065974817,0.0325621183,-0.0012480207,-0.0125023505,0.0360985014,0,0,-0.0116190935,-0.01472782,-0.0295532088,0,0,0,-0.0186844518,-0.0075856401,-0.0137935054,-0.0102479244,-0.0056484331,0,0,0.1070360791,-0.0071078723,0.0303317299,0.0104431405,-0.0024497225,0.0130960993,0.0765609484,-0.0064105198,1,-0.0009158393,-0.0105840108,0,-0.0139480505,-0.0050204371,0,0,-0.0137600457,0,0,0,0,0,-0.0144927536,-0.0016569912,-0.0212002064,0.0010782312,-0.0235430212,0.0334576822,0.0082535478,0,0,0,0,0,0,-0.0167501787,-0.000700655,-0.0241596211,-0.0062755464,-0.0057600207,-0.0195481571,-0.00977467,0.0737709232,0,-0.0128914058,-0.0235161472,0.1236944657,-0.0073063775,0,0,0,0.0963738849,0,0,0.0979698746,-0.0265739532,-0.0059411501,-0.0142355741,-0.0007273705,-0.0141669358,0,-0.0084756303,0.1176090828,0.0938859388,0.0301467498,-0.014157429,-0.0258147404,-0.0225770679,-0.0131843138,-0.0336482198,-0.0067736056
user_000038,0.0415809465,0.0415809465,0.0087606485,-0.0240734912,0,-0.0023356773,0,0,-0.0088841899,-0.0236634942,-0.0046780029,-0.017035668,0.0157400696,0,0,-0.0100856624,-0.0144490223,-0.0299935515,0,0.0364844461,0,-0.0304758232,-0.0098002225,0.0235949439,-0.0074473564,-0.0041048209,0,0,0.0350032952,-0.0146353635,-0.0031716014,0.0126487059,-0.0035605174,0.0064716809,-0.0166914776,-0.0031057623,-0.0009158393,1,0.0038457983,0,-0.023651382,-0.0072968892,0,0,-0.0103996672,0,-0.0071450177,0,0,0,-0.0168514438,0.0439520647,-0.0296926864,0.0086192763,-0.0413697422,0.0065292153,-0.008997009,0,0,0,0,0,0,0.0138325739,0.0084863155,-0.0075245331,-0.0091211115,-0.0077177783,-0.013674942,-0.0113654939,-0.0284464917,0,0.07326107,-0.0275639026,0.0694927029,-0.0183425302,0.0202379294,0.0105321524,0,0.0050751222,0,0,0.0191591969,-0.0084099704,-0.0004544783,-0.0193973536,0.0465162347,-0.0165349955,0,-0.0017109437,0.0541301754,0.029081064,0.268740602,0.0023232019,-0.0386926027,-0.0129471571,0.0526970672,0.0141282754,-0.0111769811
user_000039,-0.0114413181,-0.0114413181,-0.0284747399,-0.0086940088,0.0311588476,0,0,0,-0.0059670555,-0.0100050038,-0.0027582613,-0.0065624936,-0.0165365513,0,0,0.044725056,-0.0185535463,-0.0278155217,0,0,0,-0.0209226312,-0.0070785928,0.0701001987,0,0,0,0,0,-0.0087054981,-0.0073306009,0,0,-0.012098509,0,-0.0089730317,-0.0105840108,0.0038457983,1,0,-0.0136665063,0.0421637021,0,0,0.1086287884,0,0.0275240941,0,0,0,-0.0121716124,-0.0139160954,-0.0016186189,-0.0045277152,0.0162154607,-0.0074066931,0,0,0,0,0,0,0,0.0543516702,0.0039229263,-0.0082817332,0,-0.0136054772,-0.0115074875,-0.0100334314,-0.018966081,0,-0.0140747547,0.0764509572,0.0239731651,-0.0181296736,0,0,0,-0.0273705967,0,0,-0.0177679211,-0.0071993233,-0.0065652933,-0.007472264,0.0305437857,-0.0144217905,0,-0.02669319,0,-0.0129261122,-0.0126592421,-0.0330810286,0.0643633431,-0.0212829269,0.0276818266,-0.006279814,-0.0063580186
user_000040,0,0,0,0,0,0,0,0,-0.0006739102,0,0,0,0,0,0,0,0,0,0,0,0,0.0165407923,0,0,0,0,0,0,0,0,0,0,0,0,0,0,0,0,0,1,0,0,0,0,0,0,0,0,0,0,0.1154700538,0,0,0,0.0297742001,0,0,0,0,0,0,0,0,0,0,0,0,0,0,0,0,0,0,0,0,0,0,0,0,0,0,0,0,0,0,0,0,0,0,0,0,0,0,0,0,0,0,0,0
user_000041,-0.0124643526,-0.0124643526,0.0889486198,-0.0137487927,0.0036499936,-0.00711438,0,0,-0.0073934807,0.0099620083,-0.0033441555,-0.0138373241,0.0016949766,0,0,0.0852554115,0.0048901273,-0.0345886538,0,0.0185216947,0,-0.0205263548,-0.0118160552,-0.0043841813,-0.0037807251,0.0145869742,0,0,-0.0078976771,0.026878354,0.055065257,-0.0077054907,-0.0018075323,-0.0100495007,0.2005417689,0.075680225,-0.0139480505,-0.023651382,-0.0136665063,0,1,-0.0074086779,0,0,-0.0154323708,0,-0.0193452791,0,0,0,0.0834093421,0.0874169032,-0.0204776012,0.0095468989,-0.0199447826,0.0130958055,0.0030449478,0,0,0,0,0,0,-0.0185387261,-0.0132691424,-0.012369215,0.0601955077,-0.0151407748,-0.0248032762,-0.0116998861,-0.0066651446,0,-0.004755974,-0.0223889462,-0.0254497846,-0.0107820486,-0.0051369938,0,0,-0.012023371,0,0,-0.0160905187,-0.0256164344,-0.0081328962,-0.0170685856,0.0901641975,0.0088692971,0,0.1141311143,-0.0057852055,-0.0193058454,-0.003707306,0.1924943975,-0.0348211278,0.0175651186,-0.0145921059,-0.0353100828,0.1365901483
user_000042,-0.004341675,-0.004341675,-0.0120060045,0,0,0,0,0,-0.0029202777,0,-0.0010466866,0,-0.007843975,0,0,0.0128575496,-0.0058671465,0.0121791327,0,0,0,-0.0099244754,0,-0.0067630055,0,0,0,0,0,-0.0047192918,-0.0086930233,0,0,-0.0041736921,0,0,-0.0050204371,-0.0072968892,0.0421637021,0,-0.0074086779,1,0,0,-0.0043852901,0,0.0261116484,0,0,0,0,-0.0066009836,0.1228445378,0,-0.0099247334,-0.003513303,0,0,0,0,0,0,0,0,-0.0074432293,-0.007856742,0,-0.0071707161,-0.0087335689,-0.0034612905,0,0,0,0,-0.0075809804,-0.005292098,0,0,0,-0.0111282977,0,0,-0.0077797523,0.0068298778,0.0018685152,0,-0.0173858276,-0.0068408559,0,-0.0093790309,0,0,0.0080064077,-0.0136449649,-0.0064274135,-0.0036710468,0,0.0178726641,-0.0031746032
user_000043,0,0,0,0,0,0,0,0,0,0,0,0,0,0,0,0,0,0,0,0,0,0,0,0,0,0,0,0,0,0,0,0,0,0,0,0,0,0,0,0,0,0,0,0,0,0,0,0,0,0,0,0,0,0,0,0,0,0,0,0,0,0,0,0,0,0,0,0,0,0,0,0,0,0,0,0,0,0,0,0,0,0,0,0,0,0,0,0,0,0,0,0,0,0,0,0,0,0,0
user_000044,0,0,0,0,0,0,0,0,0,0,0,0,0,0,0,0,0,0,0,0,0,0,0,0,0,0,0,0,0,0,0,0,0,0,0,0,0,0,0,0,0,0,0,0,0,0,0,0,0,0,0,0,0,0,0,0,0,0,0,0,0,0,0,0,0,0,0,0,0,0,0,0,0,0,0,0,0,0,0,0,0,0,0,0,0,0,0,0,0,0,0,0,0,0,0,0,0,0,0
user_000045,-0.0095197521,-0.0095197521,0.0065812266,-0.0126592421,-0.0064814321,-0.0056147886,0,0,-0.0028518566,0.0221991102,-0.0022376368,-0.0013650812,-0.0134725915,0,0,0.0236813156,0.0032161424,-0.0013352257,0,0,0,-0.0174086815,-0.0080983997,0.0229229625,-0.004475718,-0.0049338368,0,0,-0.004674735,-0.0080194921,-0.0156297859,-0.0091219548,0.1241085428,-0.0098377823,-0.0066875047,-0.0093325171,-0.0137600457,-0.0103996672,0.1086287884,0,-0.0154323708,-0.0043852901,0,0,1,0,-0.0124049416,0,0,0,-0.0101273937,-0.0137499333,0.1003345392,-0.0084763952,0.0040258622,-0.006259034,-0.0072093725,0,0,0,0,0,0,0.0518738119,0.0108122384,-0.0232565127,0,0.0022011969,-0.0134047317,0.0417415976,-0.0157807333,0,0.0009008388,-0.0218662955,-0.0187001991,-0.0156649849,0,0.1012739367,0,-0.0235870599,0,0,-0.014783804,0.0018719372,-0.0047798225,0.0077716243,-0.0292260608,-0.0123746442,0,-0.0226213743,-0.0068486725,-0.0188215571,-0.0122886471,-0.0210427239,-0.0214918806,-0.0024147908,0.011516336,0.0254724654,-0.0054294068
user_000046,0,0,0,0,0,0,0,0,0,0,0,0,0,0,0,0,0,0,0,0,0,0,0,0,0,0,0,0,0,0,0,0,0,0,0,0,0,0,0,0,0,0,0,0,0,0,0,0,0,0,0,0,0,0,0,0,0,0,0,0,0,0,0,0,0,0,0,0,0,0,0,0,0,0,0,0,0,0,0,0,0,0,0,0,0,0,0,0,0,0,0,0,0,0,0,0,0,0,0
user_000047,-0.0122815647,-0.0122815647,-0.0248184783,-0.0179471038,0,-0.00557209,0,0,-0.0063055583,0.0096382533,-0.0028469491,-0.0135470018,-0.0193440278,0,0,-0.0111910605,-0.0076600433,-0.0273848171,0,0,0,-0.015836603,-0.0102286724,0.0143481993,-0.0088833632,-0.0048963166,0,0,0,-0.0102690406,-0.0174025029,-0.0120701137,0,-0.0127145645,0.0066366484,-0.0111138556,0,-0.0071450177,0.0275240941,0,-0.0193452791,0.0261116484,0,0,-0.0124049416,0,1,0,0,0,-0.0100503782,-0.0043090641,0.0574708147,-0.0074772756,-0.0140373539,-0.0071670416,-0.0071545476,0,0,0,0,0,0,0.0079198967,-0.0198404048,-0.0213700505,0,-0.0152912027,-0.0129860599,-0.0105443333,-0.018270847,0,0.0174327694,0.0381394106,-0.0127843933,-0.0132427678,0.1207011374,0,0,-0.0298649813,0,0,-0.0186213644,-0.0044584842,-0.0070474463,0.0215950662,-0.025220701,0.0223282529,0,-0.028980065,-0.0067965906,-0.0240151183,0.012195196,-0.03384779,0.1167819604,-0.0207690346,0,-0.0324086611,-0.0069078435
user_000048,0,0,0,0,0,0,0,0,0,0,0,0,0,0,0,0,0,0,0,0,0,0,0,0,0,0,0,0,0,0,0,0,0,0,0,0,0,0,0,0,0,0,0,0,0,0,0,0,0,0,0,0,0,0,0,0,0,0,0,0,0,0,0,0,0,0,0,0,0,0,0,0,0,0,0,0,0,0,0,0,0,0,0,0,0,0,0,0,0,0,0,0,0,0,0,0,0,0,0
user_000049,0,0,0,0,0,0,0,0,0,0,0,0,0,0,0,0,0,0,0,0,0,0,0,0,0,0,0,0,0,0,0,0,0,0,0,0,0,0,0,0,0,0,0,0,0,0,0,0,0,0,0,0,0,0,0,0,0,0,0,0,0,0,0,0,0,0,0,0,0,0,0,0,0,0,0,0,0,0,0,0,0,0,0,0,0,0,0,0,0,0,0,0,0,0,0,0,0,0,0
user_000050,0,0,0,0,0,0,0,0,0,0,0,0,0,0,0,0,0,0,0,0,0,0,0,0,0,0,0,0,0,0,0,0,0,0,0,0,0,0,0,0,0,0,0,0,0,0,0,0,0,0,0,0,0,0,0,0,0,0,0,0,0,0,0,0,0,0,0,0,0,0,0,0,0,0,0,0,0,0,0,0,0,0,0,0,0,0,0,0,0,0,0,0,0,0,0,0,0,0,0
user_000051,-0.0100266688,-0.0100266688,0.0277266797,-0.0095238095,0,0,0,0,-0.0057843561,0.0401864191,-0.0024172191,-0.0071888515,0.0150957369,0,0,0.0757177591,0.0270991888,-0.025782627,0,0,0,-0.0057298985,0.0271397347,-0.0120392545,0,0.012991396,0,0,0,0.0299715282,-0.0140529742,0.0160128154,0,-0.0108435703,0,0.0098294637,-0.0144927536,-0.0168514438,-0.0121716124,0.1154700538,0.0834093421,0,0,0,-0.0101273937,0,-0.0100503782,0,0,0,1,0.011433239,-0.0177310817,-0.009919727,0.0120330997,0.0020284064,0.0189831599,0,0,0,0,0,0,-0.0140092404,-0.0161150641,0,0.0577350269,-0.0099360357,-0.0201693135,-0.0099918849,0,0,0.007116056,-0.0209369569,0.0098479825,-0.0183323653,0,0,0,-0.019274777,0,0,-0.0164693543,-0.0236593906,-0.0061131307,0.0081854551,0.0468426572,-0.0118487099,0,0.0389878994,0,-0.0212397698,-0.0138675049,0.0183818231,-0.0241206481,-0.0169558388,0,-0.0206375748,-0.0051320024
user_000052,-0.0128966964,-0.0128966964,0.0515134354,-0.0136109988,-0.0097562136,-0.0042258467,0,0,-0.0055457597,0.0396807171,-0.0030227578,-0.0123287787,-0.0120815218,0,0,0.1769591087,0.0135551283,-0.0247882288,0,0,0,-0.0234748823,-0.0088655735,0.0089284977,0.0067371007,-0.0074266868,0,0,-0.0070366722,0.0109031887,-0.0177885764,-0.0091539173,0,0.0392594246,-0.0050332028,-0.014047826,-0.0016569912,0.0439520647,-0.0139160954,0,0.0874169032,-0.0066009836,0,0,-0.0137499333,0,-0.0043090641,0,0,0,0.011433239,1,-0.0197655603,-0.0099237784,-0.0214555083,0.0196400946,-0.0108519502,0,0,0,0,0,0,-0.014014962,-0.0015353948,0.0447311694,0,-0.0153834783,-0.016093999,-0.0114239608,-0.017815531,0,0.0816985672,0.0199481027,0.012823244,0.0100432525,0,0,0,-0.0140793946,0,0,-0.0166900557,-0.0146522712,0.0192205433,-0.0140379397,0.0736399532,0,0,0.0325031855,-0.0051545022,-0.0202366137,0.0132125415,0.0108084228,-0.0143191974,-0.025242208,0.0216687903,-0.0167134314,-0.0057627635
user_000053,-0.0133337763,-0.0133337763,0.0447070598,-0.0088655409,-0.007565145,0.0255590259,0,0,-0.006222762,0.0884208138,-0.0036163048,-0.0162519296,-0.0244912327,0,0,0.0110563582,-0.0036037345,-0.0336631484,0,0,0,-0.0261613046,-0.0128897372,0.1187781929,-0.0125377681,-0.0103658177,0,0,-0.0098214538,-0.0126817954,-0.0248284525,-0.0170354723,-0.0029970998,-0.0107349762,-0.0140502123,-0.016992985,-0.0212002064,-0.0296926864,-0.0016186189,0,-0.0204776012,0.1228445378,0,0,0.1003345392,0,0.0574708147,0,0,0,-0.0177310817,-0.0197655603,1,-0.0125319837,0.0031241982,-0.006777313,-0.0075733191,0,0,0,0,0,0,0.0423830771,0.0342885023,-0.0319708535,-0.0076777836,0.0428329506,-0.0167636131,0.0435830642,-0.0248660745,0,-0.0250773549,-0.0199538756,-0.0087307691,-0.0241757921,-0.0042588681,0,0,-0.0202209566,0,0,-0.0234942936,-0.0251703953,-0.0076990499,-0.0185049641,-0.0427150792,-0.0191707531,0,-0.0269318035,-0.0095925468,-0.0291868173,-0.0184414397,-0.0162033576,0.01529797,-0.0189782385,-0.008065139,0.0032018571,-0.0086771142
user_000054,-0.0046622727,-0.0046622727,-0.0116032961,-0.0106282789,0.0042323516,0.0109993098,0,0,-0.004506071,0.0027179885,0.0021355543,-0.0080225375,0.0117924652,0,0,-0.0066273485,0.0012600776,-0.018309849,0,0,0,-0.0127887816,-0.0043267301,0.0042363994,0,0.0048326663,0,0,0,-0.0020271094,-0.012695509,0,0,-0.0089637714,-0.0065503745,0.0109693797,0.0010782312,0.0086192763,-0.0045277152,0,0.0095468989,0,0,0,-0.0084763952,0,-0.0074772756,0,0,0,-0.009919727,-0.0099237784,-0.0125319837,1,-0.0017052152,-0.0026409125,0.0211846235,0,0,0,0,0,0,-0.010422588,-0.0139874907,-0.010124279,0.0107384195,0.0046201294,-0.0037513891,-0.0003716879,0.0025761904,0,-0.0044118333,0.0584125023,0.0113970847,-0.0142071921,0,0,0,-0.0031866754,0,0,0.0055694829,0.009534472,0.1098218887,0,-0.0087124945,0.0014691996,0,-0.0084601413,0,0.0158019538,-0.0051585699,0.0035166086,0.0400317524,-0.0165569209,0.0169202827,0.0038384833,0.0064089615
user_000055,-0.0192827599,-0.0192827599,-0.0472157209,-0.0049114693,-0.0166245216,-0.0108012211,0,0,-0.0098999161,-0.0301444481,0.2953851959,-0.0173008335,-0.0303612506,0,0,0.0024245473,0.0740975026,0.081691114,0,-0.0049623667,0,-0.0239677912,-0.0161621367,-0.0142352511,0.1215526629,-0.0117245073,0,0,-0.0116377815,5.85471407793546E-05,-0.0312318897,-0.0178920675,-0.0038742192,-0.0194687074,-0.0181620918,0.0713897751,-0.0235430212,-0.0413697422,0.0162154607,0.0297742001,-0.0199447826,-0.0099247334,0,0,0.0040258622,0,-0.0140373539,0,0,0,0.0120330997,-0.0214555083,0.0031241982,-0.0017052152,1,-0.0125091086,-0.0155003531,0,0,0,0,0,0,-0.0007525651,-0.0183295064,-0.0460058811,-0.0086841417,-0.0238410941,0.0176607124,0.0418240286,0.1122038618,0,-0.0323654251,-0.0155960684,-0.0366791146,-0.0268522108,-0.0096341902,-0.0028650237,0,-0.0356186374,0,0,-0.0295335775,0.0151668302,-0.011018533,0.0569872013,-0.0566538194,-0.0207075695,0,0.0060504848,-0.013174855,-0.0240367156,-0.025824975,-0.045727711,0.1418538254,0.1689330572,-0.0006515907,-0.0155208747,-0.01066515
user_000056,0.0492405909,0.0492405909,-0.01390646,-0.0061576624,-0.0049762804,0.0022491618,0,0,-0.0029477253,0.0227869775,-0.001367506,-0.0062884499,0.0125160435,0,0,-0.0034444006,-0.0047023551,-0.0131041262,0,-0.0010979072,0,-0.0105692683,-0.0048660632,-0.0070786453,-0.0044821873,-0.0039527747,0,0,0.0552416053,-0.0030051797,0.0062800394,-0.006394598,-0.0010714477,-0.0060257595,-0.0053577368,0.0345802246,0.0334576822,0.0065292153,-0.0074066931,0,0.0130958055,-0.003513303,0,0,-0.006259034,0,-0.0071670416,0,0,0,0.0020284064,0.0196400946,-0.006777313,-0.0026409125,-0.0125091086,1,0.0299621417,0,0,0,0,0,0,-0.0031302477,0.0133816089,0.0008625974,-0.002744768,0.0012124082,-0.0015022215,-0.0052062407,-0.0063214173,0,-0.0069690381,0.009290019,0.045798479,-0.0096449859,-0.0024360373,-0.001267754,0,0.0210146814,0,0,0.0074025865,-0.0075360648,0.0065714984,-0.0070045719,-0.005853661,-0.0076232842,0,0.0004530814,-0.0041151431,0.0208682727,0.0232063723,-0.0102369518,-0.0090325805,-0.0097268643,0.0002883246,-0.0036628716,-0.0033111487
user_000057,-0.0071376697,-0.0071376697,-0.0148033124,0,0,0,0,0,-0.004210026,0.093624368,-0.0012905566,0,0.0365370105,0,0,0.1247123197,-0.0096455294,-0.016685309,0,0,0,-0.0135964475,-0.0055199778,-0.0097285235,0,0,0,0,0,0.0096980849,-0.012862118,0,0,-0.0068615076,0,0.0139945712,0.0082535478,-0.008997009,0,0,0.0030449478,0,0,0,-0.0072093725,0,-0.0071545476,0,0,0,0.0189831599,-0.0108519502,-0.0075733191,0.0211846235,-0.0155003531,0.0299621417,1,0,0,0,0,0,0,-0.0099727369,-0.0045887226,0.0290619097,0,-0.0070731508,-0.0035894747,-0.0042677448,-0.009859996,0,-0.0067542614,0.0645855602,0.040504929,-0.0087001555,0,0,0,-0.0182948087,0,0,-0.008526556,-0.0168423748,0.1822613281,0,0.0381094994,-0.0084347233,0,0.0046257096,0,0.0100799486,0.0592310392,-0.0164502684,-0.0184915548,-0.0160937699,0.0215866446,-0.0195883191,-0.0041752124
user_000058,0,0,0,0,0,0,0,0,0,0,0,0,0,0,0,0,0,0,0,0,0,0,0,0,0,0,0,0,0,0,0,0,0,0,0,0,0,0,0,0,0,0,0,0,0,0,0,0,0,0,0,0,0,0,0,0,0,0,0,0,0,0,0,0,0,0,0,0,0,0,0,0,0,0,0,0,0,0,0,0,0,0,0,0,0,0,0,0,0,0,0,0,0,0,0,0,0,0,0
user_000059,0,0,0,0,0,0,0,0,0,0,0,0,0,0,0,0,0,0,0,0,0,0,0,0,0,0,0,0,0,0,0,0,0,0,0,0,0,0,0,0,0,0,0,0,0,0,0,0,0,0,0,0,0,0,0,0,0,0,0,0,0,0,0,0,0,0,0,0,0,0,0,0,0,0,0,0,0,0,0,0,0,0,0,0,0,0,0,0,0,0,0,0,0,0,0,0,0,0,0
user_000060,0,0,0,0,0,0,0,0,0,0,0,0,0,0,0,0,0,0,0,0,0,0,0,0,0,0,0,0,0,0,0,0,0,0,0,0,0,0,0,0,0,0,0,0,0,0,0,0,0,0,0,0,0,0,0,0,0,0,0,0,0,0,0,0,0,0,0,0,0,0,0,0,0,0,0,0,0,0,0,0,0,0,0,0,0,0,0,0,0,0,0,0,0,0,0,0,0,0,0
user_000061,0,0,0,0,0,0,0,0,-0.0006739102,0,0,0,0,0,0,0,0,0,0,0,0,0,0,0,0,0,0,0,0,0,0,0,0,0,0,0,0,0,0,0,0,0,0,0,0,0,0,0,0,0,0,0,0,0,0,0,0,0,0,0,1,0,0,0,0,0,0,0,0,0,0,0,0,0,0.0094762255,0,0,0,0,0,0,0,0,0,0,0,0.0289763794,0,0,0,0,0,0,0.0090966433,0,0,0,0,0
user_000062,0,0,0,0,0,0,0,0,0,0,0,0,0,0,0,0,0,0,0,0,0,0,0,0,0,0,0,0,0,0,0,0,0,0,0,0,0,0,0,0,0,0,0,0,0,0,0,0,0,0,0,0,0,0,0,0,0,0,0,0,0,0,0,0,0,0,0,0,0,0,0,0,0,0,0,0,0,0,0,0,0,0,0,0,0,0,0,0,0,0,0,0,0,0,0,0,0,0,0
user_000063,0,0,0,0,0,0,0,0,0,0,0,0,0,0,0,0,0,0,0,0,0,0,0,0,0,0,0,0,0,0,0,0,0,0,0,0,0,0,0,0,0,0,0,0,0,0,0,0,0,0,0,0,0,0,0,0,0,0,0,0,0,0,0,0,0,0,0,0,0,0,0,0,0,0,0,0,0,0,0,0,0,0,0,0,0,0,0,0,0,0,0,0,0,0,0,0,0,0,0
user_000064,-0.0111933855,-0.0111933855,-0.0036415286,-0.0125082503,-0.0089657757,0.0155338927,0,0,-0.00589362,0.0182329141,-0.0027778573,0.0037766381,-0.0186366581,0,0,0.0300285361,-0.0142364644,0.0726494527,0,0,0,-0.0215729727,-0.0091657061,0.138119528,-0.006191268,-0.0068249846,0,0,-0.0064665686,-0.0100198241,-0.0171383666,-0.0126184151,0,0.0161404569,-0.0092508363,-0.010327749,-0.0167501787,0.0138325739,0.0543516702,0,-0.0185387261,0,0,0,0.0518738119,0,0.0079198967,0,0,0,-0.0140092404,-0.014014962,0.0423830771,-0.010422588,-0.0007525651,-0.0031302477,-0.0099727369,0,0,0,0,0,0,1,0.0014109988,-0.0280004872,0.0075827238,-0.0071773098,0.0165560602,0.0039369014,-0.018191262,0,0.0056075928,-0.016498736,-0.0238560595,-0.0020064259,0.067298214,0.035023101,0,-0.0236271861,0,0,-0.0141580111,0.0300376645,-0.0055729178,-0.0129006009,-0.0070310362,-0.0124493569,0,-0.0270250683,-0.00473689,-0.0167373585,0.0133562832,-0.0256595681,0.032653992,-0.0042682685,0,-0.0081314085,-0.0062587561
user_000065,-0.0135323594,-0.0135323594,0.0712114946,0.0951556166,-0.0119178016,-0.0083388187,0,0,-0.0017096433,-0.0182507348,-0.0034084435,-0.0017377321,-0.0164206419,0,0,0.0005981356,0.0728751744,-0.0237961702,0,-0.0046520183,0.0093040366,0.0007694807,-0.0109339641,0.0650206927,0,0.0010467859,0,0,-0.0079345091,-0.0120748274,-0.0203009319,0.0090316641,-0.002723943,0.0743636331,-0.0127696705,-0.0158402438,-0.000700655,0.0084863155,0.0039229263,0,-0.0132691424,-0.0074432293,0,0,0.0108122384,0,-0.0198404048,0,0,0,-0.0161150641,-0.0015353948,0.0342885023,-0.0139874907,-0.0183295064,0.0133816089,-0.0045887226,0,0,0,0,0,0,0.0014109988,1,0.0338084795,-0.0069780274,0.0655157059,0.0223457974,0.0041865165,-0.0239948184,0,0.022075072,-0.0177135211,-0.011197228,-0.0152637408,-0.0051609509,0.005371688,0,0.0388267833,0,0,-0.0143559815,-0.0176338576,0.0186596147,-0.0171481873,0.0541890561,-0.0187760342,0,0.0042758795,0.084276691,0.0193958809,-0.0178780584,0.0287337529,-0.0103156536,-0.0145730362,-0.0122167986,0.0479463504,-0.0060254713
user_000066,-0.0174821027,-0.0174821027,-0.01179101,-0.0259205264,-0.0019353695,-0.0125744092,0,0,-0.0104571091,-0.0223718685,-0.0049855249,-0.0171198787,0.0151502383,0,0,-0.0095967527,-0.0276579938,-0.0498376581,0,0,0,-0.0162445923,-0.0052760716,-0.0092986582,0.0681594068,0.1701608636,0,0,-0.0041876576,0.0006952173,0.0532730963,0.0054476704,-0.0038336976,-0.0127067537,-0.0179721289,-0.0100321544,-0.0241596211,-0.0075245331,-0.0082817332,0,-0.012369215,-0.007856742,0,0,-0.0232565127,0,-0.0213700505,0,0,0,0,0.0447311694,-0.0319708535,-0.010124279,-0.0460058811,0.0008625974,0.0290619097,0,0,0,0,0,0,-0.0280004872,0.0338084795,1,-0.0098209275,0.0866203919,-0.0004288587,-0.0013597233,-0.0212047232,0,0.0399453683,-0.0130586452,-0.0044671356,0.0485950458,-0.0108953408,0,0,-0.0400730751,0,0,-0.0203745023,-0.0385685473,0.0044653012,-0.0194932386,0.0091063975,-0.0188113939,0,0.0408971876,-0.0061350848,-0.0228820686,-0.004717821,0.0889801245,-0.0104153218,0.0188677808,-0.0051582038,-0.0351052277,-0.0111615621
user_000067,0,0,0,0,0.024633232,0,0,0,-0.0023025266,-0.00790965,-0.0006541791,0,0,0,0,-0.0032143874,-0.0073339331,0.0253731931,0,0,0,-0.0082703962,0,-0.0049313582,0,0,0,0,0,-0.0029495574,-0.0043465117,0,0,-0.0026085576,0,0,-0.0062755464,-0.0091211115,0,0,0.0601955077,0,0,0,0,0,0,0,0,0,0.0577350269,0,-0.0076777836,0.0107384195,-0.0086841417,-0.002744768,0,0,0,0,0,0,0,0.0075827238,-0.0069780274,-0.0098209275,1,0,-0.0072779741,-0.0021633065,0,0,0.0154067132,-0.0075549736,-0.0094762255,-0.0066151225,0,0,0,-0.0092735814,0,0,-0.0064831269,-0.0085373472,-0.0023356441,0,-0.0072440948,0,0,-0.0093790309,0,0,0,0.0238786886,-0.0120514004,-0.0076480141,0,-0.0074469434,-0.0007936508
user_000068,0.019458074,0.019458074,0.0962074183,0.0183343515,0.0183703429,0.008263045,0,0,-0.0018427624,0.0034030713,-0.002645686,-0.0098214442,-0.0106869144,0,0,-0.0106949492,0.030291582,-0.0193588377,0,-0.003585358,0,0.0107934486,-0.0072230725,0.0626199338,0.0190283118,-0.0072609173,0,0,-0.0061152072,-0.0093907947,-0.0181395438,0.0169047899,-0.0020993707,0.0335945856,-0.0098417156,-0.0091561783,-0.0057600207,-0.0077177783,-0.0136054772,0,-0.0151407748,-0.0071707161,0,0,0.0022011969,0,-0.0152912027,0,0,0,-0.0099360357,-0.0153834783,0.0428329506,0.0046201294,-0.0238410941,0.0012124082,-0.0070731508,0,0,0,0,0,0,-0.0071773098,0.0655157059,0.0866203919,0,1,-0.0096026446,0.2258613734,-0.0176329098,0,0.0133309113,-0.0247036041,-0.0214046667,-0.0178356222,-0.0039775976,0,0,0.0232743767,0,0,0.011157279,-0.0110194007,0.0025457325,-0.0132162832,-0.0027011581,-0.0131219009,0,0.0995364643,-0.0078391439,0.0131899444,-0.0140658607,0.0529663104,-0.0214314583,-0.0139078647,-0.0084740503,0.0363119432,-0.0062373848
user_000069,-0.0164312709,-0.0164312709,-0.0238108838,-0.0150069297,-0.014342402,0.0158414347,0,0,-0.0083396269,-0.0131250999,-0.0037136569,0.0077028169,-0.0044719127,0,0,-0.004304538,0.0172938808,0.0422514533,0,0,0,-0.0138440977,-0.0129516341,-0.0137818742,-0.0133704922,-0.0081883606,0,0,-0.0093100158,-0.0042933604,-0.0193598852,0.0070649139,-0.0028410302,-0.014276731,-0.0155383291,0.0012390846,-0.0195481571,-0.013674942,-0.0115074875,0,-0.0248032762,-0.0087335689,0,0,-0.0134047317,0,-0.0129860599,0,0,0,-0.0201693135,-0.016093999,-0.0167636131,-0.0037513891,0.0176607124,-0.0015022215,-0.0035894747,0,0,0,0,0,0,0.0165560602,0.0223457974,-0.0004288587,-0.0072779741,-0.0096026446,1,-0.0139811062,-0.0270632406,0,-0.0139788309,-0.0230936589,-0.0255870257,0.0056810735,-0.0060556405,-0.0042019403,0,-0.0334764712,0,0,-0.0231201747,-0.0176462241,-0.0060515575,-0.0015477657,-0.0217216019,-0.021408656,0,-0.0344714739,0.0022732572,-0.0316831269,0.012528142,-0.0169154118,-0.0297043788,0.0077481572,0,0.1092645006,-0.0093342906
user_000070,0.0028177121,0.0028177121,0.0262323947,-0.0049959424,0.0434840131,-0.0044317283,0,0,-0.0040762168,0.0643373505,-0.0018793722,-0.0075421686,-0.0114257411,0,0,0.0025589635,0.0015230924,-0.0170378543,0,0,0,-0.0097329227,-0.0066825787,-0.0092415702,0.0070653296,0.001947128,0,0,0.001844874,-0.0063297504,-0.0130887492,-0.0083999059,-0.0016889368,-0.0078552087,-0.0065980231,-0.0081027268,-0.00977467,-0.0113654939,-0.0100334314,0,-0.0116998861,-0.0034612905,0,0,0.0417415976,0,-0.0105443333,0,0,0,-0.0099918849,-0.0114239608,0.0435830642,-0.0003716879,0.0418240286,-0.0052062407,-0.0042677448,0,0,0,0,0,0,0.0039369014,0.0041865165,-0.0013597233,-0.0021633065,0.2258613734,-0.0139811062,1,-0.0062278322,0,-0.0124429922,-0.0146439764,-0.0163999845,-0.0074414796,-0.0023999731,0,0,-0.0194196281,0,0,-0.012229792,-0.0093083251,-0.0027217286,-0.0018402328,-0.0220650464,-0.0102112191,0,0.0301099428,-0.0054056275,-0.0159169001,-0.0107385947,0.0066514438,-0.0125140191,-0.0141889911,0.0113622426,-0.0077328102,-0.0044777011
user_000071,0.0260396359,0.0260396359,0.028802892,0.0148402149,-0.0118192246,-0.0076791418,0,0,-0.0076929782,-0.0170780141,-0.0034526848,-0.0149357742,-0.0133294268,0,0,-0.0154228916,0.1671468296,-0.0353053655,0,0,0,-0.009920508,0.0060413924,-0.0180838077,0.0979404214,0.0067478288,0,0,0,0.0629773594,-0.0177266783,-0.0166343535,0,0.01939991,-0.0091462564,-0.0153164922,0.0737709232,-0.0284464917,-0.018966081,0,-0.0066651446,0,0,0,-0.0157807333,0,-0.018270847,0,0,0,0,-0.017815531,-0.0248660745,0.0025761904,0.1122038618,-0.0063214173,-0.009859996,0,0,0,0,0,0,-0.018191262,-0.0239948184,-0.0212047232,0,-0.0176329098,-0.0270632406,-0.0062278322,1,0,-0.0197127094,-0.0090623441,-0.0011366925,-0.0055544816,0,0,0,-0.0355963169,0,0,-0.0046659854,-0.0204814424,-0.0084049573,-0.0170063477,-0.0191167652,0.0441058816,0,0.0585017569,-0.0093666798,-0.0073547308,-0.0144057727,0.0673791805,-0.0115647194,-0.0267879284,0.015750473,-0.0160789674,0.0902496217
user_000072,0,0,0,0,0,0,0,0,0,0,0,0,0,0,0,0,0,0,0,0,0,0,0,0,0,0,0,0,0,0,0,0,0,0,0,0,0,0,0,0,0,0,0,0,0,0,0,0,0,0,0,0,0,0,0,0,0,0,0,0,0,0,0,0,0,0,0,0,0,0,0,0,0,0,0,0,0,0,0,0,0,0,0,0,0,0,0,0,0,0,0,0,0,0,0,0,0,0,0
user_000073,-0.0037904866,-0.0037904866,0.0089403649,-0.0067771962,-0.0080963656,-0.0078905099,0,0,-0.0034839866,0.02924681,-0.0035745966,-0.0063945338,-0.0209473113,0,0,0.0227146157,-0.0036157377,-0.0093820202,0,-0.0051355711,0,-0.0214064964,-0.0127602344,0.0107090011,0.0167727048,-0.0092447502,0,0,-0.0087592594,-0.012481673,-0.0233039795,-0.0156678625,-0.0030070825,0.0571223896,-0.0140970104,-0.0166124159,-0.0128914058,0.07326107,-0.0140747547,0,-0.004755974,0,0,0,0.0009008388,0,0.0174327694,0,0,0,0.007116056,0.0816985672,-0.0250773549,-0.0044118333,-0.0323654251,-0.0069690381,-0.0067542614,0,0,0,0,0,0,0.0056075928,0.022075072,0.0399453683,0.0154067132,0.0133309113,-0.0139788309,-0.0124429922,-0.0197127094,0,1,-0.0260729976,-0.0248195731,0.0785442622,-0.0056974045,0.0415103267,0,0,0,0,0.0058598424,-0.0182391677,0.0027188363,-0.017474447,0.0071428923,-0.0198494113,0,-0.0191703385,-0.0096244974,-0.0125952826,0.0620873882,-0.0261145,-0.0368044094,0.1210357565,0.0323680088,0.0006119089,-0.0086081953
user_000074,-0.0104963966,-0.0104963966,-0.0426313719,0.0249249487,-0.017865928,0.0812544804,0,0,-0.0105493268,0.0019122303,-0.0048236904,0.0225769013,0.0252847035,0,0,0.0303071955,-0.0203900228,-0.0386454707,0,0.0151099471,0,-0.0274923548,-0.0152202712,-0.009196979,-0.0123372202,-0.0102000112,0,0,-0.0128858062,-0.0171139798,-0.0333631851,0,-0.0029491597,0.0116668895,-0.0184339627,-0.0077174647,-0.0235161472,-0.0275639026,0.0764509572,0,-0.0223889462,0,0,0,-0.0218662955,0,0.0381394106,0,0,0,-0.0209369569,0.0199481027,-0.0199538756,0.0584125023,-0.0155960684,0.009290019,0.0645855602,0,0,0,0,0,0,-0.016498736,-0.0177135211,-0.0130586452,-0.0075549736,-0.0247036041,-0.0230936589,-0.0146439764,-0.0090623441,0,-0.0260729976,1,0.0060137812,-0.0147932144,-0.0083814906,0,0,-0.0212987454,0,0,-0.0301715892,0.0036119682,0.2520280666,0.0706936397,-0.0043783156,0.147811908,0,-0.0325948321,-0.0141586637,0,-0.0145171676,-0.0431592369,0.1238252953,-0.0379040372,0.0476167982,-0.0549111852,-0.011704213
user_000075,0.4922722987,0.4922722987,0.0039820062,-0.0234475773,0.0457522921,-0.0084931445,0,0,0.098024895,-0.0218864591,-0.0045377768,0.0053096763,0.2807244537,0,0,-0.0087725549,-0.0130656248,-0.0400095656,0,0.0236905639,0,-0.0321325772,-0.0092272349,0.0324711347,-0.0154746115,-0.0117277454,0,0,0.3333557823,-0.0160995864,0.2179696729,-0.0065705802,-0.0036991397,0.0053393645,-0.0173413302,-0.0064533591,0.1236944657,0.0694927029,0.0239731651,0,-0.0254497846,-0.0075809804,0,0,-0.0187001991,0,-0.0127843933,0,0,0,0.0098479825,0.012823244,-0.0087307691,0.0113970847,-0.0366791146,0.045798479,0.040504929,0,0,0,0.0094762255,0,0,-0.0238560595,-0.011197228,-0.0044671356,-0.0094762255,-0.0214046667,-0.0255870257,-0.0163999845,-0.0011366925,0,-0.0248195731,0.0060137812,1,-0.0288357408,-0.0078846963,-0.0054711014,0,0.0576483281,0,0,0.0062664284,-0.0103554339,0.0622087379,-0.0228395618,-0.0293807776,-0.0199338392,0,0.0290630446,0.0384783826,0.0058102467,0.168053213,0.0280155991,0.0013704215,-0.0311349622,-0.0124428937,-0.0330262522,-0.010468973
user_000076,-0.014647563,-0.014647563,0.0198552977,0.0043648489,-0.0130361478,-0.0084697965,0,0,-0.0066780821,-0.0129761793,-0.0034965997,-0.0148262234,-0.0179881367,0,0,-0.0129282484,-0.0065980218,0.0324951368,0,0,0,-0.0196954862,-0.0106614757,-0.0124521073,-0.0027006125,-0.0089311132,0,0,-0.0084620932,-0.0120191969,-0.0210469816,-0.014677639,-0.0025822794,0.0477644088,0.022193528,-0.0157672655,-0.0073063775,-0.0183425302,-0.0181296736,0,-0.0107820486,-0.005292098,0,0,-0.0156649849,0,-0.0132427678,0,0,0,-0.0183323653,0.0100432525,-0.0241757921,-0.0142071921,-0.0268522108,-0.0096449859,-0.0087001555,0,0,0,0,0,0,-0.0020064259,-0.0152637408,0.0485950458,-0.0066151225,-0.0178356222,0.0056810735,-0.0074414796,-0.0055544816,0,0.0785442622,-0.0147932144,-0.0288357408,1,0.0660493757,0.0076384855,0,0.0341083077,0,0,0.0557526826,0.0731923747,-0.008487514,-0.0056272032,-0.0245353344,0.0445743033,0,-0.0184889447,-0.0103310857,0.0397487202,-0.0195964461,-0.0285231443,-0.0350774556,0.1722575157,-0.0104232977,-0.028375167,-0.0071401322
user_000077,0,0,-0.0083246663,0,0,0,0,0,-0.0023675149,0,-0.0007257465,0,0.0036258787,0,0,-0.0035660426,-0.0081362683,0.213932631,0,0,0,-0.0045875904,0,-0.0031262004,0,0,0,0,0,-0.0032722401,-0.0072330326,0,0,0.0028939348,0,0,0,0.0202379294,0,0,-0.0051369938,0,0,0,0,0,0.1207011374,0,0,0,0,0,-0.0042588681,0,-0.0096341902,-0.0024360373,0,0,0,0,0,0,0,0.067298214,-0.0051609509,-0.0108953408,0,-0.0039775976,-0.0060556405,-0.0023999731,0,0,-0.0056974045,-0.0083814906,-0.0078846963,0.0660493757,1,0,0,-0.0102881148,0,0,-0.0035961918,0.0189426727,-0.0025911644,0,0.0080366017,-0.0047432801,0,-0.0104051006,0,0,0,-0.0063073873,-0.0089132189,-0.0084847099,0,-0.0082616419,0.001760953
user_000078,0,0,0.0173291748,0,0,0,0,0,-0.0012969408,0.0730662166,0,0,0,0,0,0.1113496457,0,0.0117193759,0,0,0,0,0,-0.0016269263,0,0,0,0,0,0,0,0,0,0,0,0,0,0.0105321524,0,0,0,0,0,0,0.1012739367,0,0,0,0,0,0,0,0,0,-0.0028650237,-0.001267754,0,0,0,0,0,0,0,0.035023101,0.005371688,0,0,0,-0.0042019403,0,0,0,0.0415103267,0,-0.0054711014,0.0076384855,0,1,0,0,0,0,0,0.0098580794,0,0,0,0,0,-0.005414986,0,0,0,-0.0052519495,0,-0.0035324664,0,0,0
user_000079,0,0,0,0,0,0,0,0,0,0,0,0,0,0,0,0,0,0,0,0,0,0,0,0,0,0,0,0,0,0,0,0,0,0,0,0,0,0,0,0,0,0,0,0,0,0,0,0,0,0,0,0,0,0,0,0,0,0,0,0,0,0,0,0,0,0,0,0,0,0,0,0,0,0,0,0,0,0,0,0,0,0,0,0,0,0,0,0,0,0,0,0,0,0,0,0,0,0,0
user_000080,-0.0124814916,-0.0124814916,-0.0439787707,-0.0290651399,0.0292401001,-0.0118736043,0,0,-0.0113617026,-0.0170173816,-0.0051929951,-0.0115469592,0.0019397798,0,0,-0.0231316933,-0.0331897709,-0.0425423072,0,0.0092735814,0,0.2294750068,-0.0161915723,-0.0251914417,-0.015143695,-0.0104335942,0,0,0.019771342,-0.0183811893,0.0133821662,0.0025720287,-0.0036200355,-0.0158690802,-0.0197989107,-0.0157883935,0.0963738849,0.0050751222,-0.0273705967,0,-0.012023371,-0.0111282977,0,0,-0.0235870599,0,-0.0298649813,0,0,0,-0.019274777,-0.0140793946,-0.0202209566,-0.0031866754,-0.0356186374,0.0210146814,-0.0182948087,0,0,0,0,0,0,-0.0236271861,0.0388267833,-0.0400730751,-0.0092735814,0.0232743767,-0.0334764712,-0.0194196281,-0.0355963169,0,0,-0.0212987454,0.0576483281,0.0341083077,-0.0102881148,0,0,1,0,0,0.0553120609,-0.0433861378,-0.0126493146,-0.0236659232,-0.0263340517,-0.0041235502,0,0.2758916996,0.2577956367,0.0887015622,-0.025244345,-0.0582916972,-0.0473860884,-0.0388098763,-0.0194828943,-0.0513805176,-0.0124236551
user_000081,0,0,0,0,0,0,0,0,0,0,0,0,0,0,0,0,0,0,0,0,0,0,0,0,0,0,0,0,0,0,0,0,0,0,0,0,0,0,0,0,0,0,0,0,0,0,0,0,0,0,0,0,0,0,0,0,0,0,0,0,0,0,0,0,0,0,0,0,0,0,0,0,0,0,0,0,0,0,0,0,0,0,0,0,0,0,0,0,0,0,0,0,0,0,0,0,0,0,0
user_000082,0,0,0,0,0,0,0,0,0,0,0,0,0,0,0,0,0,0,0,0,0,0,0,0,0,0,0,0,0,0,0,0,0,0,0,0,0,0,0,0,0,0,0,0,0,0,0,0,0,0,0,0,0,0,0,0,0,0,0,0,0,0,0,0,0,0,0,0,0,0,0,0,0,0,0,0,0,0,0,0,0,0,0,0,0,0,0,0,0,0,0,0,0,0,0,0,0,0,0
user_000083,0.0329327268,0.0329327268,-0.0206266595,-0.0192498947,0.2682966206,-0.0083007934,0,0,-0.0070865919,-0.0155888965,-0.0032571849,-0.0129158993,-0.0201718826,0,0,-0.0146708542,-0.0098897384,-0.0289515831,0,0.0129662539,0,-0.0212327391,-0.0091426481,0.0045672316,0.0105869019,-0.0087529052,0,0,-0.0082932438,-0.0114734129,0.0733780814,0.0017980959,-0.0025307536,-0.0086587443,-0.0098866759,0.1114798436,0.0979698746,0.0191591969,-0.0177679211,0,-0.0160905187,-0.0077797523,0,0,-0.014783804,0,-0.0186213644,0,0,0,-0.0164693543,-0.0166900557,-0.0234942936,0.0055694829,-0.0295335775,0.0074025865,-0.008526556,0,0,0,0,0,0,-0.0141580111,-0.0143559815,-0.0203745023,-0.0064831269,0.011157279,-0.0231201747,-0.012229792,-0.0046659854,0,0.0058598424,-0.0301715892,0.0062664284,0.0557526826,-0.0035961918,0,0,0.0553120609,0,0,1,-0.0223608771,-0.007873984,-0.0165447606,0.004132866,-0.0102005315,0,0.1040989268,-0.0080999546,0.2114732006,-0.0119385082,0.0014743673,-0.0262519348,-0.0120585969,-0.0153229729,-0.0316713382,-0.0073681252
user_000084,-0.0203865126,-0.0203865126,-0.0240873658,-0.0098580794,-0.0168241963,0.0262342872,0,0,-0.0100070902,-0.0172870216,-0.003529691,-0.0085041923,-0.0212061337,0,0,0.0041712359,-0.0050089867,0.064812632,0,0.0170746944,0,-0.0172281675,-0.0097463062,0.0171289775,-0.0139414296,-0.0096052661,0,0,-0.0109210112,-0.0165189953,-0.0305767276,-0.0023678341,-0.0033326391,-0.0130057745,-0.0182270654,-0.0203489232,-0.0265739532,-0.0084099704,-0.0071993233,0,-0.0256164344,0.0068298778,0,0,0.0018719372,0,-0.0044584842,0,0,0,-0.0236593906,-0.0146522712,-0.0251703953,0.009534472,0.0151668302,-0.0075360648,-0.0168423748,0,0,0,0,0,0,0.0300376645,-0.0176338576,-0.0385685473,-0.0085373472,-0.0110194007,-0.0176462241,-0.0093083251,-0.0204814424,0,-0.0182391677,0.0036119682,-0.0103554339,0.0731923747,0.0189426727,0.0098580794,0,-0.0433861378,0,0,-0.0223608771,1,-0.0094117764,-0.007262358,-0.0094004936,0.1489270427,0,-0.0384345809,-0.0133330963,0.0083753335,-0.0273413929,-0.0205025574,0.042252257,0.0351019211,-0.0089680689,-0.0284825592,-0.0108952812
user_000085,0.0062195725,0.0062195725,-0.0080386359,-0.0064213558,-0.0042959065,-0.0011961943,0,0,0.0948347184,0.0300512464,-0.0012060457,-0.0056225528,0.0206413598,0,0,0.0540151457,0.0030147845,-0.0099245348,0,-0.001557096,0,-0.009323528,-0.0042871378,-0.0001404087,-0.0038140908,-0.0035037398,0,0,-0.0026557919,-0.0042988085,-0.0020033091,-0.0056141896,-0.0009117421,0.000162471,-0.0047490984,-0.002916074,-0.0059411501,-0.0004544783,-0.0065652933,0,-0.0081328962,0.0018685152,0,0,-0.0047798225,0,-0.0070474463,0,0,0,-0.0061131307,0.0192205433,-0.0076990499,0.1098218887,-0.011018533,0.0065714984,0.1822613281,0,0,0,0,0,0,-0.0055729178,0.0186596147,0.0044653012,-0.0023356441,0.0025457325,-0.0060515575,-0.0027217286,-0.0084049573,0,0.0027188363,0.2520280666,0.0622087379,-0.008487514,-0.0025911644,0,0,-0.0126493146,0,0,-0.007873984,-0.0094117764,1,-0.0061812582,-0.008121421,-0.0067106778,0,-0.007331234,-0.0034044856,-0.0103109418,0.0460022915,-0.0062889702,-0.0120597607,-0.0099842478,0.1132690262,-0.0115028411,-0.0029065793
user_000086,-0.0107720612,-0.0107720612,-0.0234047851,-0.0116935073,-0.0069848141,0,0,0,-0.0056052749,-0.0112140044,0.090706618,-0.0088266032,-0.0139011161,0,0,-0.0109373703,-0.0083182197,-0.0259006748,0,0,0,-0.0046901827,-0.0071405704,-0.0129842037,0,0.0159510733,0,0,0,-0.0033454172,-0.0172544983,-0.0098304136,0,-0.0110949447,0,0.0181031927,-0.0142355741,-0.0193973536,-0.007472264,0,-0.0170685856,0,0,0,0.0077716243,0,0.0215950662,0,0,0,0.0081854551,-0.0140379397,-0.0185049641,0,0.0569872013,-0.0070045719,0,0,0,0,0,0,0,-0.0129006009,-0.0171481873,-0.0194932386,0,-0.0132162832,-0.0015477657,-0.0018402328,-0.0170063477,0,-0.017474447,0.0706936397,-0.0228395618,-0.0056272032,0,0,0,-0.0236659232,0,0,-0.0165447606,-0.007262358,-0.0061812582,1,-0.0328652972,0.0969870832,0,-0.0252647512,0,-0.0217321477,-0.0141889798,-0.0209574282,0.1173240207,-0.0208186885,0,-0.0295623898,-0.0060761246
user_000087,-0.0257902342,-0.0257902342,0.0939304462,0.0143395889,-0.01142051,-0.0037100452,0,0,-0.0132591579,-0.0165018973,-0.0065207751,-0.0270598588,0.0299265161,0,0,0.0450803934,-0.0034001733,-0.0558769685,0,0,0,-0.0143787682,-0.0165398372,-0.0038376952,-0.017744336,-0.0032600974,0,0,-0.0061777848,-0.0064955295,0,0.0160732033,-0.0056556102,0.0498871258,-0.0176754257,-0.0271329654,-0.0007273705,0.0465162347,0.0305437857,0,0.0901641975,-0.0173858276,0,0,-0.0292260608,0,-0.025220701,0,0,0,0.0468426572,0.0736399532,-0.0427150792,-0.0087124945,-0.0566538194,-0.005853661,0.0381094994,0,0,0,0.0289763794,0,0,-0.0070310362,0.0541890561,0.0091063975,-0.0072440948,-0.0027011581,-0.0217216019,-0.0220650464,-0.0191167652,0,0.0071428923,-0.0043783156,-0.0293807776,-0.0245353344,0.0080366017,0,0,-0.0263340517,0,0,0.004132866,-0.0094004936,-0.008121421,-0.0328652972,1,-0.0332023919,0,-0.0176650733,0,0.0763961999,0.0057999177,0.0180557634,0.0321269473,-0.0223384653,-0.00760957,-0.019852262,-0.0112225977
user_000088,-0.0115090494,-0.0115090494,-0.017966232,-0.0112844857,-0.0101107434,-0.0021897046,0,0,-0.0060392608,-0.0189380714,-0.002595584,-0.0127767925,-0.0169921758,0,0,-0.0120940385,-0.0165562252,-0.0263833023,0,0,0,-0.0212162206,-0.0086135048,-0.014216771,-0.0069819193,-0.0076965642,0,0,-0.0072923769,-0.006456799,-0.0154616071,-0.0118582003,-0.0016689979,-0.0044611916,-0.0104322074,-0.0072791541,-0.0141669358,-0.0165349955,-0.0144217905,0,0.0088692971,-0.0068408559,0,0,-0.0123746442,0,0.0223282529,0,0,0,-0.0118487099,0,-0.0191707531,0.0014691996,-0.0207075695,-0.0076232842,-0.0084347233,0,0,0,0,0,0,-0.0124493569,-0.0187760342,-0.0188113939,0,-0.0131219009,-0.021408656,-0.0102112191,0.0441058816,0,-0.0198494113,0.147811908,-0.0199338392,0.0445743033,-0.0047432801,0,0,-0.0041235502,0,0,-0.0102005315,0.1489270427,-0.0067106778,0.0969870832,-0.0332023919,1,0,-0.0272682545,-0.0080127165,-0.0052429973,-0.0157465708,-0.0233358096,-0.0217096985,-0.0219739642,-0.0067368629,-0.0331132531,-0.0060807608
user_000089,0,0,0,0,0,0,0,0,0,0,0,0,0,0,0,0,0,0,0,0,0,0,0,0,0,0,0,0,0,0,0,0,0,0,0,0,0,0,0,0,0,0,0,0,0,0,0,0,0,0,0,0,0,0,0,0,0,0,0,0,0,0,0,0,0,0,0,0,0,0,0,0,0,0,0,0,0,0,0,0,0,0,0,0,0,0,0,0,0,0,0,0,0,0,0,0,0,0,0
user_000090,0.0207675588,0.0207675588,0.0216764023,-0.0263013607,0.1478629402,-0.0132094804,0,0,-0.0108461923,-0.0228489343,-0.0049820796,-0.0216047795,0.0766342543,0,0,-0.0006029568,0.0663089187,-0.049689381,0,-0.0046895155,0,0.2963109113,0.0229889438,-0.0187912673,0.0823229268,-0.0126626811,0,0,-0.0119976967,0.0781231069,0.1077039494,-0.0169082884,-0.0036611988,-0.0142879935,0.1258654149,-0.0047903768,-0.0084756303,-0.0017109437,-0.02669319,0,0.1141311143,-0.0093790309,0,0,-0.0226213743,0,-0.028980065,0,0,0,0.0389878994,0.0325031855,-0.0269318035,-0.0084601413,0.0060504848,0.0004530814,0.0046257096,0,0,0,0,0,0,-0.0270250683,0.0042758795,0.0408971876,-0.0093790309,0.0995364643,-0.0344714739,0.0301099428,0.0585017569,0,-0.0191703385,-0.0325948321,0.0290630446,-0.0184889447,-0.0104051006,-0.005414986,0,0.2758916996,0,0,0.1040989268,-0.0384345809,-0.007331234,-0.0252647512,-0.0176650733,-0.0272682545,0,1,-0.0131828269,0.0299033947,0.0138920839,0.1484101368,-0.0379782335,-0.0373574844,-0.0160098522,-0.0413483063,-0.0058953909
user_000091,-0.0033902785,-0.0033902785,0.0093751144,0,0,0,0,0,-0.0032977423,-0.0098822383,-0.0012259873,0,-0.0061251154,0,0,-0.0060240357,-0.0091629434,-0.0126804065,0,0,0,0.0284156154,-0.0052438017,-0.0074814451,0,0,0,0,0,-0.0036851478,-0.0054304886,0.0433148082,0,-0.006518212,0,0,0.1176090828,0.0541301754,0,0,-0.0057852055,0,0,0,-0.0068486725,0,-0.0067965906,0,0,0,0,-0.0051545022,-0.0095925468,0,-0.013174855,-0.0041151431,0,0,0,0,0,0,0,-0.00473689,0.084276691,-0.0061350848,0,-0.0078391439,0.0022732572,-0.0054056275,-0.0093666798,0,-0.0096244974,-0.0141586637,0.0384783826,-0.0103310857,0,0,0,0.2577956367,0,0,-0.0080999546,-0.0133330963,-0.0034044856,0,0,-0.0080127165,0,-0.0131828269,1,-0.0095756277,-0.006251954,-0.0049722995,-0.0125474169,-0.012421959,0,-0.0139562059,-0.003470528
user_000092,-0.0119792327,-0.0119792327,-0.0349664299,-0.0252854402,0.0362486486,-0.0078504448,0,0,-0.0092556995,-0.0077595481,-0.0041714706,-0.0114517164,-0.0064125995,0,0,-0.0189203267,-0.0287790266,-0.0236471004,0,0,0,-0.0182552589,-0.0144110429,0.001727777,-0.0125156544,-0.0068983565,0,0,0,-0.0144679172,-0.0069290449,-0.0085027128,0,-0.0159940927,-0.0093502873,0.0417551094,0.0938859388,0.029081064,-0.0129261122,0,-0.0193058454,0,0,0,-0.0188215571,0,-0.0240151183,0,0,0,-0.0212397698,-0.0202366137,-0.0291868173,0.0158019538,-0.0240367156,0.0208682727,0.0100799486,0,0,0,0,0,0,-0.0167373585,0.0193958809,-0.0228820686,0,0.0131899444,-0.0316831269,-0.0159169001,-0.0073547308,0,-0.0125952826,0,0.0058102467,0.0397487202,0,0,0,0.0887015622,0,0,0.2114732006,0.0083753335,-0.0103109418,-0.0217321477,0.0763961999,-0.0052429973,0,0.0299033947,-0.0095756277,1,-0.0171816523,0.0164536541,-0.0354681008,-0.0341380918,-0.008050914,-0.0401809226,-0.0101216653
user_000093,0.17641319,0.17641319,-0.0192249934,-0.0099053606,-0.003944474,-0.0051255773,0,0,-0.0060340794,-0.0189983647,-0.0028283173,-0.0124614293,0.1250807732,0,0,-0.0051471392,0.0152667992,-0.0195022203,0,0,0,-0.021851334,-0.0094090101,-0.0065428084,0.0081715056,-0.0045039562,0,0,0.1365577484,0.0051953789,0.0588119059,-0.0111028898,0,-0.0121134018,-0.0061048286,-0.0034077534,0.0301467498,0.268740602,-0.0126592421,0,-0.003707306,0.0080064077,0,0,-0.0122886471,0,0.012195196,0,0,0,-0.0138675049,0.0132125415,-0.0184414397,-0.0051585699,-0.025824975,0.0232063723,0.0592310392,0,0,0,0,0,0,0.0133562832,-0.0178780584,-0.004717821,0,-0.0140658607,0.012528142,-0.0107385947,-0.0144057727,0,0.0620873882,-0.0145171676,0.168053213,-0.0195964461,0,0,0,-0.025244345,0,0,-0.0119385082,-0.0273413929,0.0460022915,-0.0141889798,0.0057999177,-0.0157465708,0,0.0138920839,-0.006251954,-0.0171816523,1,-0.0138379726,-0.035379089,-0.0105320965,0.0052564642,0,-0.0064813777
user_000094,0.0694118795,0.0694118795,0.0756309306,-0.0060022279,-0.0188226968,0.1368529344,0,0,-0.0103244822,-0.0135268377,-0.0061531622,-0.0212374603,-0.0017838461,0,0,-0.0187136867,0.1070095341,-0.0428385006,0,-0.0045483216,0.0818697896,-0.019259608,-0.0045815308,0.0359126788,0.0631327142,0.0706182108,0,0,-0.0009697054,0.0231820455,0.0120988318,0.0031536936,-0.0053264489,0.049736231,0.1123652328,-0.0205204791,-0.014157429,0.0023232019,-0.0330810286,0,0.1924943975,-0.0136449649,0,0,-0.0210427239,0,-0.03384779,0,0,0,0.0183818231,0.0108084228,-0.0162033576,0.0035166086,-0.045727711,-0.0102369518,-0.0164502684,0,0,0,0.0090966433,0,0,-0.0256595681,0.0287337529,0.0889801245,0.0238786886,0.0529663104,-0.0169154118,0.0066514438,0.0673791805,0,-0.0261145,-0.0431592369,0.0280155991,-0.0285231443,-0.0063073873,-0.0052519495,0,-0.0582916972,0,0,0.0014743673,-0.0205025574,-0.0062889702,-0.0209574282,0.0180557634,-0.0233358096,0,0.1484101368,-0.0049722995,0.0164536541,-0.0138379726,1,-0.019879082,-0.0309731233,-0.0137361495,-0.0181549062,-0.0078837575
user_000095,-0.018487553,-0.018487553,-0.0583579641,-0.011927793,-0.0158327968,0.0452620286,0,0,-0.013618957,-0.0193186647,0.2608162739,-0.0260099637,0.0012604118,0,0,0.0485514631,-0.0193266706,-0.0518607135,0,0.0241028007,0,-0.0332232852,-0.017264914,0.0215984772,-0.0065599515,-0.018078513,0,0,-0.0171291146,-0.0041707655,-0.0298924058,-0.0222830472,0.00940877,-0.0087184647,-0.0245042844,0.0424031775,-0.0258147404,-0.0386926027,0.0643633431,0,-0.0348211278,-0.0064274135,0,0,-0.0214918806,0,0.1167819604,0,0,0,-0.0241206481,-0.0143191974,0.01529797,0.0400317524,0.1418538254,-0.0090325805,-0.0184915548,0,0,0,0,0,0,0.032653992,-0.0103156536,-0.0104153218,-0.0120514004,-0.0214314583,-0.0297043788,-0.0125140191,-0.0115647194,0,-0.0368044094,0.1238252953,0.0013704215,-0.0350774556,-0.0089132189,0,0,-0.0473860884,0,0,-0.0262519348,0.042252257,-0.0120597607,0.1173240207,0.0321269473,-0.0217096985,0,-0.0379782335,-0.0125474169,-0.0354681008,-0.035379089,-0.019879082,1,-0.0436513711,-0.0126594112,-0.0612666682,-0.013313928
user_000096,-0.017532341,-0.017532341,-0.0235064555,-0.0211947984,-0.0096458397,-0.0101839698,0,0,-0.0090931626,-0.0083238526,-0.0041626382,0.0079992286,-0.0263959659,0,0,-0.017621582,0.0104103084,0.1251884643,0,-0.0030592056,0,-0.0263128764,-0.0137642217,-0.018137729,-0.0087424083,-0.0068837505,0,0,-0.0104355974,-0.0143650976,-0.0265405585,-0.0195148327,-0.0035825748,-0.0166624782,-0.0167948816,-0.0182291815,-0.0225770679,-0.0129471571,-0.0212829269,0,0.0175651186,-0.0036710468,0,0,-0.0024147908,0,-0.0207690346,0,0,0,-0.0169558388,-0.025242208,-0.0189782385,-0.0165569209,0.1689330572,-0.0097268643,-0.0160937699,0,0,0,0,0,0,-0.0042682685,-0.0145730362,0.0188677808,-0.0076480141,-0.0139078647,0.0077481572,-0.0141889911,-0.0267879284,0,0.1210357565,-0.0379040372,-0.0311349622,0.1722575157,-0.0084847099,-0.0035324664,0,-0.0388098763,0,0,-0.0120585969,0.0351019211,-0.0099842478,-0.0208186885,-0.0223384653,-0.0219739642,0,-0.0373574844,-0.012421959,-0.0341380918,-0.0105320965,-0.0309731233,-0.0436513711,1,-0.0120508014,0.006014377,-0.0099059992
user_000097,-0.0085513478,-0.0085513478,0,0.0541498603,0.0129380073,0.033624132,0,0,-0.0040704824,0.0083087034,-0.0020615502,-0.0081747814,0.0120162511,0,0,0,0.0231118223,-0.0106613231,0,0,0,-0.0043438249,0.0044088385,-0.0118403484,0,0.0147731279,0,0,0,-0.0077459171,-0.0159802983,0.018208926,0,-0.009590571,0,0.0223550917,-0.0131843138,0.0526970672,0.0276818266,0,-0.0145921059,0,0,0,0.011516336,0,0,0,0,0,0,0.0216687903,-0.008065139,0.0169202827,-0.0006515907,0.0002883246,0.0215866446,0,0,0,0,0,0,0,-0.0122167986,-0.0051582038,0,-0.0084740503,0,0.0113622426,0.015750473,0,0.0323680088,0.0476167982,-0.0124428937,-0.0104232977,0,0,0,-0.0194828943,0,0,-0.0153229729,-0.0089680689,0.1132690262,0,-0.00760957,-0.0067368629,0,-0.0160098522,0,-0.008050914,0.0052564642,-0.0137361495,-0.0126594112,-0.0120508014,1,-0.0078226525,0.0533562648
user_000098,-0.0226325452,-0.0226325452,0.0026822411,0.0122842707,0.0176104592,-0.0152557343,0,0,-0.0120178054,-0.0329855206,-0.0060018539,0.0519261616,-0.0276491218,0,0,0.0011489933,0.0725292306,0.0852554727,0,0,0,-0.0128105477,-0.0170029843,-0.0254336782,-0.0060804038,0.0067027727,0,0,-0.0127015493,0.1367113215,-0.0372881964,0,-0.002906989,-0.0136757495,-0.0227129643,-0.0202856293,-0.0336482198,0.0141282754,-0.006279814,0,-0.0353100828,0.0178726641,0,0,0.0254724654,0,-0.0324086611,0,0,0,-0.0206375748,-0.0167134314,0.0032018571,0.0038384833,-0.0155208747,-0.0036628716,-0.0195883191,0,0,0,0,0,0,-0.0081314085,0.0479463504,-0.0351052277,-0.0074469434,0.0363119432,0.1092645006,-0.0077328102,-0.0160789674,0,0.0006119089,-0.0549111852,-0.0330262522,-0.028375167,-0.0082616419,0,0,-0.0513805176,0,0,-0.0316713382,-0.0284825592,-0.0115028411,-0.0295623898,-0.019852262,-0.0331132531,0,-0.0413483063,-0.0139562059,-0.0401809226,0,-0.0181549062,-0.0612666682,0.006014377,-0.0078226525,1,-0.0144683471
user_000099,-0.0039281821,-0.0039281821,-0.0085757175,-0.0081169426,-0.0040664383,-0.002845264,0,0,-0.0026250408,-0.00893916,-0.0011962132,-0.0055339805,-0.0073044423,0,0,-0.0044083027,-0.0081022499,-0.0095370986,0,-0.0015873016,0,-0.0008926777,0.0153493549,-0.006190476,-0.0025920526,-0.0035717076,0,0,-0.0027073107,-0.0034832868,-0.006043721,-0.005282859,-0.0009294286,-0.0052005529,-0.0009682449,-0.0054048034,-0.0067736056,-0.0111769811,-0.0063580186,0,0.1365901483,-0.0031746032,0,0,-0.0054294068,0,-0.0069078435,0,0,0,-0.0051320024,-0.0057627635,-0.0086771142,0.0064089615,-0.01066515,-0.0033111487,-0.0041752124,0,0,0,0,0,0,-0.0062587561,-0.0060254713,-0.0111615621,-0.0007936508,-0.0062373848,-0.0093342906,-0.0044777011,0.0902496217,0,-0.0086081953,-0.011704213,-0.010468973,-0.0071401322,0.001760953,0,0,-0.0124236551,0,0,-0.0073681252,-0.0108952812,-0.0029065793,-0.0060761246,-0.0112225977,-0.0060807608,0,-0.0058953909,-0.003470528,-0.0101216653,-0.0064813777,-0.0078837575,-0.013313928,-0.0099059992,0.0533562648,-0.0144683471,1
